sp,lon,lat
"Picumnus exilis (M.H.K.Lichtenstein, 1823)",-38.90794,-13.61104
"Picumnus exilis pernambucensis J.T.Zimmer, 1947",-35.8908,-9.21933
"Picumnus exilis buffonii Lafresnaye, 1845",-45.73001,-1.28721
"Picumnus exilis pernambucensis J.T.Zimmer, 1947",-35.721,-9.5894
"Picumnus exilis pernambucensis J.T.Zimmer, 1947",-35.801,-9.7166
"Picumnus exilis pernambucensis J.T.Zimmer, 1947",-35.8741,-9.2162
"Picumnus exilis pernambucensis J.T.Zimmer, 1947",-36.4187,-9.2524
"Picumnus exilis pernambucensis J.T.Zimmer, 1947",-35.76119,-9.61289
"Picumnus exilis pernambucensis J.T.Zimmer, 1947",-34.9831,-7.94863
"Picumnus exilis pernambucensis J.T.Zimmer, 1947",-35.1517,-8.65975
Picumnus exilis exilis,-39.1131,-14.198
"Picumnus exilis pernambucensis J.T.Zimmer, 1947",-35.90551,-8.65613
"Picumnus exilis (M.H.K.Lichtenstein, 1823)",-59.28425,3.75964
Picumnus exilis exilis,-39.0933,-14.4791
"Picumnus exilis (M.H.K.Lichtenstein, 1823)",-56.52679,-1.98482
"Picumnus exilis (M.H.K.Lichtenstein, 1823)",-35.20869,-8.86782
"Picumnus exilis (M.H.K.Lichtenstein, 1823)",-35.20894,-8.86976
"Picumnus exilis (M.H.K.Lichtenstein, 1823)",-39.02287,-14.3089
"Picumnus exilis (M.H.K.Lichtenstein, 1823)",-60.04863,-3.09659
"Picumnus exilis (M.H.K.Lichtenstein, 1823)",-35.87958,-9.22541
"Picumnus exilis (M.H.K.Lichtenstein, 1823)",-37.99028,-12.24139
"Picumnus exilis (M.H.K.Lichtenstein, 1823)",-38.02435,-12.54484
"Picumnus exilis (M.H.K.Lichtenstein, 1823)",-60.10232,-3.04864
"Picumnus exilis (M.H.K.Lichtenstein, 1823)",-36.42303,-9.26295
"Picumnus exilis (M.H.K.Lichtenstein, 1823)",-55.22956,5.48509
"Picumnus exilis (M.H.K.Lichtenstein, 1823)",-52.68722,5.07918
"Picumnus exilis (M.H.K.Lichtenstein, 1823)",-40.20733,-14.36502
"Picumnus exilis (M.H.K.Lichtenstein, 1823)",-39.00978,-14.38318
"Picumnus exilis (M.H.K.Lichtenstein, 1823)",-39.13583,-14.49222
"Picumnus exilis (M.H.K.Lichtenstein, 1823)",-52.31672,4.94171
"Picumnus exilis (M.H.K.Lichtenstein, 1823)",-35.88257,-9.21679
"Picumnus exilis (M.H.K.Lichtenstein, 1823)",-39.04312,-14.42508
"Picumnus exilis (M.H.K.Lichtenstein, 1823)",-53.04251,5.42
"Picumnus exilis pernambucensis J.T.Zimmer, 1947",-34.84717,-7.45336
"Picumnus exilis (M.H.K.Lichtenstein, 1823)",-52.65522,5.18036
"Picumnus exilis (M.H.K.Lichtenstein, 1823)",-38.96233,-14.07584
"Picumnus exilis (M.H.K.Lichtenstein, 1823)",-52.33187,4.75075
"Picumnus exilis (M.H.K.Lichtenstein, 1823)",-37.9294,-12.40369
"Picumnus exilis (M.H.K.Lichtenstein, 1823)",-67.89215,3.85439
"Picumnus exilis (M.H.K.Lichtenstein, 1823)",-51.79808,3.91021
"Picumnus exilis (M.H.K.Lichtenstein, 1823)",-52.62183,4.99939
"Picumnus exilis (M.H.K.Lichtenstein, 1823)",-67.90698,3.8468
"Picumnus exilis (M.H.K.Lichtenstein, 1823)",-67.88663,3.87878
"Picumnus exilis (M.H.K.Lichtenstein, 1823)",-61.13559,1.81377
"Picumnus exilis (M.H.K.Lichtenstein, 1823)",-53.03426,5.39106
"Picumnus exilis (M.H.K.Lichtenstein, 1823)",-60.98929,1.48473
"Picumnus exilis (M.H.K.Lichtenstein, 1823)",-39.18084,-14.25941
"Picumnus exilis (M.H.K.Lichtenstein, 1823)",-34.84603,-7.45357
"Picumnus exilis (M.H.K.Lichtenstein, 1823)",-52.33553,4.93819
"Picumnus exilis (M.H.K.Lichtenstein, 1823)",-60.05069,-1.97908
"Picumnus exilis (M.H.K.Lichtenstein, 1823)",-67.88036,3.87963
"Picumnus exilis (M.H.K.Lichtenstein, 1823)",-67.73799,4.15764
"Picumnus exilis (M.H.K.Lichtenstein, 1823)",-39.01792,-14.30142
"Picumnus exilis (M.H.K.Lichtenstein, 1823)",-37.94661,-12.4173
"Picumnus exilis (M.H.K.Lichtenstein, 1823)",-67.88061,3.88071
"Picumnus exilis (M.H.K.Lichtenstein, 1823)",-58.18332,6.54462
"Picumnus exilis (M.H.K.Lichtenstein, 1823)",-67.82359,3.80427
"Picumnus exilis (M.H.K.Lichtenstein, 1823)",-67.84309,3.8122
"Picumnus exilis (M.H.K.Lichtenstein, 1823)",-67.90763,3.85162
"Picumnus exilis (M.H.K.Lichtenstein, 1823)",-35.90387,-8.6422
"Picumnus exilis (M.H.K.Lichtenstein, 1823)",-67.89703,3.87189
"Picumnus exilis (M.H.K.Lichtenstein, 1823)",-67.9124,3.81738
"Picumnus exilis (M.H.K.Lichtenstein, 1823)",-52.37754,4.63431
"Picumnus exilis (M.H.K.Lichtenstein, 1823)",-60.99758,5.03036
"Picumnus exilis (M.H.K.Lichtenstein, 1823)",-52.4344,4.53638
"Picumnus exilis (M.H.K.Lichtenstein, 1823)",-54.02682,5.45877
"Picumnus exilis (M.H.K.Lichtenstein, 1823)",-52.29721,4.83218
"Picumnus exilis (M.H.K.Lichtenstein, 1823)",-34.85788,-7.15548
"Picumnus exilis (M.H.K.Lichtenstein, 1823)",-35.85536,-8.70268
"Picumnus exilis (M.H.K.Lichtenstein, 1823)",-61.54327,4.50798
"Picumnus exilis (M.H.K.Lichtenstein, 1823)",-67.55051,5.54881
"Picumnus exilis (M.H.K.Lichtenstein, 1823)",-61.90006,7.92222
"Picumnus exilis (M.H.K.Lichtenstein, 1823)",-67.57465,5.56167
"Picumnus exilis (M.H.K.Lichtenstein, 1823)",-39.06875,-14.64708
"Picumnus exilis (M.H.K.Lichtenstein, 1823)",-57.22692,4.40572
"Picumnus exilis (M.H.K.Lichtenstein, 1823)",-57.86044,5.68205
"Picumnus exilis (M.H.K.Lichtenstein, 1823)",-39.0942,-14.35757
"Picumnus exilis (M.H.K.Lichtenstein, 1823)",-60.86491,5.09351
"Picumnus exilis (M.H.K.Lichtenstein, 1823)",-61.34299,4.58474
"Picumnus exilis (M.H.K.Lichtenstein, 1823)",-39.11408,-14.1993
"Picumnus exilis (M.H.K.Lichtenstein, 1823)",-39.06528,-15.18222
"Picumnus exilis (M.H.K.Lichtenstein, 1823)",-52.69193,5.11403
"Picumnus exilis (M.H.K.Lichtenstein, 1823)",-47.78223,-5.17165
"Picumnus exilis (M.H.K.Lichtenstein, 1823)",-52.67679,5.1744
"Picumnus exilis (M.H.K.Lichtenstein, 1823)",-60.00832,-2.09135
"Picumnus exilis (M.H.K.Lichtenstein, 1823)",-55.02478,5.34178
"Picumnus exilis (M.H.K.Lichtenstein, 1823)",-55.22941,5.46366
"Picumnus exilis (M.H.K.Lichtenstein, 1823)",-54.04731,2.61439
"Picumnus exilis pernambucensis J.T.Zimmer, 1947",-35.7602,-9.61236
"Picumnus exilis (M.H.K.Lichtenstein, 1823)",-47.65835,-5.19482
"Picumnus exilis (M.H.K.Lichtenstein, 1823)",-47.69196,-5.11739
"Picumnus exilis (M.H.K.Lichtenstein, 1823)",-59.91151,-2.01736
"Picumnus exilis (M.H.K.Lichtenstein, 1823)",-39.56443,-15.39196
"Picumnus exilis (M.H.K.Lichtenstein, 1823)",-38.99456,-14.27952
"Picumnus exilis (M.H.K.Lichtenstein, 1823)",-47.50663,-5.26868
"Picumnus exilis (M.H.K.Lichtenstein, 1823)",-39.31519,-15.1327
"Picumnus exilis (M.H.K.Lichtenstein, 1823)",-39.53428,-15.40565
"Picumnus exilis (M.H.K.Lichtenstein, 1823)",-48.18445,-1.18658
"Picumnus exilis (M.H.K.Lichtenstein, 1823)",-34.9571,-6.9916
"Picumnus exilis (M.H.K.Lichtenstein, 1823)",-59.97438,-3.08197
"Picumnus exilis (M.H.K.Lichtenstein, 1823)",-54.41302,4.37652
"Picumnus exilis (M.H.K.Lichtenstein, 1823)",-67.84297,3.8121
"Picumnus exilis (M.H.K.Lichtenstein, 1823)",-39.00073,-14.9915
"Picumnus exilis (M.H.K.Lichtenstein, 1823)",-67.86597,3.81292
"Picumnus exilis (M.H.K.Lichtenstein, 1823)",-67.87741,3.88506
"Picumnus exilis (M.H.K.Lichtenstein, 1823)",-34.83715,-7.45362
"Picumnus exilis (M.H.K.Lichtenstein, 1823)",-34.84805,-7.45279
"Picumnus exilis (M.H.K.Lichtenstein, 1823)",-39.16976,-16.3876
"Picumnus exilis (M.H.K.Lichtenstein, 1823)",-39.03256,-14.33633
"Picumnus exilis (M.H.K.Lichtenstein, 1823)",-39.05636,-14.21322
"Picumnus exilis (M.H.K.Lichtenstein, 1823)",-39.02515,-14.31796
"Picumnus exilis (M.H.K.Lichtenstein, 1823)",-48.30054,-1.19604
"Picumnus exilis (M.H.K.Lichtenstein, 1823)",-39.11435,-16.34231
"Picumnus exilis (M.H.K.Lichtenstein, 1823)",-48.29496,-1.21124
"Picumnus exilis (M.H.K.Lichtenstein, 1823)",-67.932,3.86607
"Picumnus exilis (M.H.K.Lichtenstein, 1823)",-40.22149,-14.34343
"Picumnus exilis (M.H.K.Lichtenstein, 1823)",-67.8773,3.88506
"Picumnus exilis (M.H.K.Lichtenstein, 1823)",-40.12916,-14.41252
"Picumnus exilis (M.H.K.Lichtenstein, 1823)",-52.33174,4.74947
"Picumnus exilis (M.H.K.Lichtenstein, 1823)",-39.08018,-14.32713
"Picumnus exilis (M.H.K.Lichtenstein, 1823)",-39.10902,-14.19114
"Picumnus exilis (M.H.K.Lichtenstein, 1823)",-52.68564,5.0917
"Picumnus exilis (M.H.K.Lichtenstein, 1823)",-35.31184,-8.81285
"Picumnus exilis (M.H.K.Lichtenstein, 1823)",-35.10389,-8.69742
"Picumnus exilis (M.H.K.Lichtenstein, 1823)",-59.35332,3.66384
"Picumnus exilis pernambucensis J.T.Zimmer, 1947",-35.76402,-9.60291
"Picumnus exilis (M.H.K.Lichtenstein, 1823)",-60.0056,-3.0797
"Picumnus exilis (M.H.K.Lichtenstein, 1823)",-35.8592,-8.69634
"Picumnus exilis (M.H.K.Lichtenstein, 1823)",-36.44948,-9.23932
"Picumnus exilis (M.H.K.Lichtenstein, 1823)",-35.88053,-9.21796
"Picumnus exilis (M.H.K.Lichtenstein, 1823)",-59.4202,-1.93228
"Picumnus exilis (M.H.K.Lichtenstein, 1823)",-52.31256,4.94899
"Picumnus exilis (M.H.K.Lichtenstein, 1823)",-60.04961,-1.9793
"Picumnus exilis (M.H.K.Lichtenstein, 1823)",-60.0516,-1.98445
"Picumnus exilis (M.H.K.Lichtenstein, 1823)",-59.75635,8.26925
"Picumnus exilis (M.H.K.Lichtenstein, 1823)",-59.67826,8.01852
"Picumnus exilis (M.H.K.Lichtenstein, 1823)",-35.15755,-7.039
"Picumnus exilis (M.H.K.Lichtenstein, 1823)",-59.79843,8.1972
"Picumnus exilis (M.H.K.Lichtenstein, 1823)",-59.67235,8.18177
"Picumnus exilis (M.H.K.Lichtenstein, 1823)",-59.7561,8.26878
"Picumnus exilis (M.H.K.Lichtenstein, 1823)",-59.72528,8.21048
"Picumnus exilis (M.H.K.Lichtenstein, 1823)",-59.74345,8.21219
"Picumnus exilis (M.H.K.Lichtenstein, 1823)",-59.80384,8.30997
"Picumnus exilis (M.H.K.Lichtenstein, 1823)",-35.78167,-9.24286
"Picumnus exilis (M.H.K.Lichtenstein, 1823)",-40.1356,-14.41317
"Picumnus exilis (M.H.K.Lichtenstein, 1823)",-59.75653,8.26408
"Picumnus exilis (M.H.K.Lichtenstein, 1823)",-67.8813,3.8809
"Picumnus exilis (M.H.K.Lichtenstein, 1823)",-67.88121,3.88084
"Picumnus exilis (M.H.K.Lichtenstein, 1823)",-35.07204,-7.90088
"Picumnus exilis (M.H.K.Lichtenstein, 1823)",-67.97329,3.46509
"Picumnus exilis (M.H.K.Lichtenstein, 1823)",-35.8372,-8.72247
"Picumnus exilis (M.H.K.Lichtenstein, 1823)",-55.39182,4.38032
"Picumnus exilis (M.H.K.Lichtenstein, 1823)",-52.32438,4.89616
"Picumnus exilis (M.H.K.Lichtenstein, 1823)",-53.21666,3.60955
"Picumnus exilis (M.H.K.Lichtenstein, 1823)",-46.73143,-3.28703
"Picumnus exilis (M.H.K.Lichtenstein, 1823)",-40.1334,-14.40143
"Picumnus exilis (M.H.K.Lichtenstein, 1823)",-52.01088,0.89897
"Picumnus exilis (M.H.K.Lichtenstein, 1823)",-61.46316,3.69012
"Picumnus exilis (M.H.K.Lichtenstein, 1823)",-59.97923,-3.07612
"Picumnus exilis (M.H.K.Lichtenstein, 1823)",-53.23746,3.60958
"Picumnus exilis (M.H.K.Lichtenstein, 1823)",-35.18681,-8.63397
"Picumnus exilis (M.H.K.Lichtenstein, 1823)",-39.06959,-16.48065
"Picumnus exilis (M.H.K.Lichtenstein, 1823)",-52.9042,5.37044
"Picumnus exilis (M.H.K.Lichtenstein, 1823)",-35.76,-9.6135
"Picumnus exilis (M.H.K.Lichtenstein, 1823)",-53.26456,3.60338
"Picumnus exilis (M.H.K.Lichtenstein, 1823)",-61.01238,1.46847
"Picumnus exilis (M.H.K.Lichtenstein, 1823)",-53.91676,5.72647
"Picumnus exilis pernambucensis J.T.Zimmer, 1947",-35.76052,-9.61176
"Picumnus exilis (M.H.K.Lichtenstein, 1823)",-67.90759,3.85156
"Picumnus exilis (M.H.K.Lichtenstein, 1823)",-59.98645,-3.09727
"Picumnus exilis (M.H.K.Lichtenstein, 1823)",-35.8568,-8.69367
"Picumnus exilis (M.H.K.Lichtenstein, 1823)",-67.91457,3.83028
"Picumnus exilis (M.H.K.Lichtenstein, 1823)",-60.9873,1.48119
"Picumnus exilis (M.H.K.Lichtenstein, 1823)",-35.85251,-8.7173
"Picumnus exilis (M.H.K.Lichtenstein, 1823)",-67.88287,3.88017
"Picumnus exilis (M.H.K.Lichtenstein, 1823)",-35.76032,-9.61313
"Picumnus exilis (M.H.K.Lichtenstein, 1823)",-34.84597,-7.13769
"Picumnus exilis (M.H.K.Lichtenstein, 1823)",-52.26836,4.85666
"Picumnus exilis pernambucensis J.T.Zimmer, 1947",-35.76463,-9.60059
"Picumnus exilis pernambucensis J.T.Zimmer, 1947",-34.8769,-7.9126
"Picumnus exilis (M.H.K.Lichtenstein, 1823)",-55.41693,4.64348
Picumnus exilis exilis,-40.12867,-14.41232
"Picumnus exilis (M.H.K.Lichtenstein, 1823)",-40.13454,-14.41322
"Picumnus exilis (M.H.K.Lichtenstein, 1823)",-37.42527,-11.3736
"Picumnus exilis (M.H.K.Lichtenstein, 1823)",-52.62734,5.15959
"Picumnus exilis (M.H.K.Lichtenstein, 1823)",-36.47795,-9.30912
"Picumnus exilis (M.H.K.Lichtenstein, 1823)",-39.0277,-14.38764
"Picumnus exilis (M.H.K.Lichtenstein, 1823)",-52.57254,5.09624
"Picumnus exilis (M.H.K.Lichtenstein, 1823)",-67.87775,3.88491
"Picumnus exilis (M.H.K.Lichtenstein, 1823)",-34.85902,-7.91954
"Picumnus exilis (M.H.K.Lichtenstein, 1823)",-35.88088,-9.00318
"Picumnus exilis (M.H.K.Lichtenstein, 1823)",-40.13097,-14.41612
"Picumnus exilis (M.H.K.Lichtenstein, 1823)",-35.17599,-8.73087
"Picumnus exilis (M.H.K.Lichtenstein, 1823)",-35.85624,-8.69409
"Picumnus exilis (M.H.K.Lichtenstein, 1823)",-37.42742,-11.37058
"Picumnus exilis (M.H.K.Lichtenstein, 1823)",-55.41809,4.64345
"Picumnus exilis (M.H.K.Lichtenstein, 1823)",-55.4192,4.6361
"Picumnus exilis (M.H.K.Lichtenstein, 1823)",-39.12593,-16.54412
"Picumnus exilis (M.H.K.Lichtenstein, 1823)",-40.07958,-14.43676
"Picumnus exilis (M.H.K.Lichtenstein, 1823)",-40.13671,-14.41203
"Picumnus exilis (M.H.K.Lichtenstein, 1823)",-39.06341,-14.41654
"Picumnus exilis (M.H.K.Lichtenstein, 1823)",-39.08302,-14.30468
"Picumnus exilis (M.H.K.Lichtenstein, 1823)",-59.06078,4.14954
"Picumnus exilis (M.H.K.Lichtenstein, 1823)",-52.57256,5.09625
"Picumnus exilis (M.H.K.Lichtenstein, 1823)",-35.76645,-8.7452
"Picumnus exilis (M.H.K.Lichtenstein, 1823)",-35.87951,-9.22535
"Picumnus exilis (M.H.K.Lichtenstein, 1823)",-67.8814,3.85911
"Picumnus exilis (M.H.K.Lichtenstein, 1823)",-55.17714,5.59196
"Picumnus exilis (M.H.K.Lichtenstein, 1823)",-55.17704,5.592
"Picumnus exilis (M.H.K.Lichtenstein, 1823)",-55.17703,5.592
"Picumnus exilis (M.H.K.Lichtenstein, 1823)",-55.177,5.59202
"Picumnus exilis (M.H.K.Lichtenstein, 1823)",-55.17699,5.59206
"Picumnus exilis (M.H.K.Lichtenstein, 1823)",-52.36361,4.90715
"Picumnus exilis (M.H.K.Lichtenstein, 1823)",-67.91489,3.82939
"Picumnus exilis (M.H.K.Lichtenstein, 1823)",-67.87951,3.88312
"Picumnus exilis (M.H.K.Lichtenstein, 1823)",-38.02359,-12.55128
"Picumnus exilis (M.H.K.Lichtenstein, 1823)",-39.21852,-13.82548
"Picumnus exilis (M.H.K.Lichtenstein, 1823)",-61.14787,1.83501
"Picumnus exilis (M.H.K.Lichtenstein, 1823)",-61.71741,3.75448
"Picumnus exilis (M.H.K.Lichtenstein, 1823)",-60.6831,2.74463
"Picumnus exilis (M.H.K.Lichtenstein, 1823)",-52.64817,5.11418
"Picumnus exilis (M.H.K.Lichtenstein, 1823)",-60.09359,-3.0152
"Picumnus exilis (M.H.K.Lichtenstein, 1823)",-35.02609,-7.92289
"Picumnus exilis (M.H.K.Lichtenstein, 1823)",-35.02429,-7.95958
"Picumnus exilis (M.H.K.Lichtenstein, 1823)",-67.84306,3.80806
"Picumnus exilis (M.H.K.Lichtenstein, 1823)",-60.04163,-2.79446
"Picumnus exilis (M.H.K.Lichtenstein, 1823)",-35.94008,-9.30294
"Picumnus exilis (M.H.K.Lichtenstein, 1823)",-59.04224,4.0921
"Picumnus exilis pernambucensis J.T.Zimmer, 1947",-35.76053,-9.61206
"Picumnus exilis (M.H.K.Lichtenstein, 1823)",-52.3073,4.7216
"Picumnus exilis (M.H.K.Lichtenstein, 1823)",-65.06521,6.30252
"Picumnus exilis (M.H.K.Lichtenstein, 1823)",-61.72911,3.78046
"Picumnus exilis (M.H.K.Lichtenstein, 1823)",-67.92001,3.87584
"Picumnus exilis (M.H.K.Lichtenstein, 1823)",-59.99509,-3.09149
"Picumnus exilis (M.H.K.Lichtenstein, 1823)",-52.6163,4.97799
"Picumnus exilis (M.H.K.Lichtenstein, 1823)",-59.98058,-3.08295
"Picumnus exilis (M.H.K.Lichtenstein, 1823)",-55.02473,5.34158
"Picumnus exilis (M.H.K.Lichtenstein, 1823)",-39.54166,-15.42216
"Picumnus exilis (M.H.K.Lichtenstein, 1823)",-35.74839,-9.61828
"Picumnus exilis (M.H.K.Lichtenstein, 1823)",-35.76262,-9.61258
"Picumnus exilis (M.H.K.Lichtenstein, 1823)",-52.33835,4.32259
"Picumnus exilis (M.H.K.Lichtenstein, 1823)",-52.33053,4.33124
"Picumnus exilis buffonii Lafresnaye, 1845",-59.85,-3.06781
"Picumnus exilis buffonii Lafresnaye, 1845",-59.85032,-3.06725
"Picumnus exilis (M.H.K.Lichtenstein, 1823)",-39.002,-14.28656
"Picumnus exilis (M.H.K.Lichtenstein, 1823)",-50.87691,0.3325
"Picumnus exilis (M.H.K.Lichtenstein, 1823)",-35.71601,-9.60285
"Picumnus exilis (M.H.K.Lichtenstein, 1823)",-67.91604,3.86225
"Picumnus exilis (M.H.K.Lichtenstein, 1823)",-59.85068,-3.06632
"Picumnus exilis (M.H.K.Lichtenstein, 1823)",-48.18278,-1.18715
"Picumnus exilis (M.H.K.Lichtenstein, 1823)",-54.07085,5.37024
"Picumnus exilis (M.H.K.Lichtenstein, 1823)",-60.9585,2.3713
"Picumnus exilis (M.H.K.Lichtenstein, 1823)",-61.02312,1.92908
"Picumnus exilis (M.H.K.Lichtenstein, 1823)",-52.26189,4.86022
"Picumnus exilis (M.H.K.Lichtenstein, 1823)",-52.35857,4.8875
"Picumnus exilis (M.H.K.Lichtenstein, 1823)",-52.28785,4.71578
"Picumnus exilis (M.H.K.Lichtenstein, 1823)",-39.13434,-16.35568
"Picumnus exilis (M.H.K.Lichtenstein, 1823)",-35.18818,-8.86293
"Picumnus exilis (M.H.K.Lichtenstein, 1823)",-67.91783,3.83148
"Picumnus exilis (M.H.K.Lichtenstein, 1823)",-35.20888,-8.86754
"Picumnus exilis (M.H.K.Lichtenstein, 1823)",-52.0011,0.90017
"Picumnus exilis (M.H.K.Lichtenstein, 1823)",-52.7524,5.23349
"Picumnus exilis buffonii Lafresnaye, 1845",-60.06082,-2.8037
"Picumnus exilis buffonii Lafresnaye, 1845",-60.05318,-2.80125
"Picumnus exilis (M.H.K.Lichtenstein, 1823)",-54.09787,3.76637
"Picumnus exilis (M.H.K.Lichtenstein, 1823)",-39.0323,-14.79661
"Picumnus exilis pernambucensis J.T.Zimmer, 1947",-34.8995,-7.7762
"Picumnus exilis (M.H.K.Lichtenstein, 1823)",-60.9098,3.46013
"Picumnus exilis (M.H.K.Lichtenstein, 1823)",-53.10211,5.4001
"Picumnus exilis (M.H.K.Lichtenstein, 1823)",-35.8919,-9.83636
"Picumnus exilis (M.H.K.Lichtenstein, 1823)",-35.90716,-9.60795
"Picumnus exilis (M.H.K.Lichtenstein, 1823)",-35.80356,-9.64004
"Picumnus exilis (M.H.K.Lichtenstein, 1823)",-60.026,-2.0328
"Picumnus exilis (M.H.K.Lichtenstein, 1823)",-61.71679,3.75142
"Picumnus exilis (M.H.K.Lichtenstein, 1823)",-61.7186,3.75991
"Picumnus exilis (M.H.K.Lichtenstein, 1823)",-39.10165,-14.2024
"Picumnus exilis (M.H.K.Lichtenstein, 1823)",-39.11532,-14.20057
"Picumnus exilis (M.H.K.Lichtenstein, 1823)",-39.09011,-14.20322
"Picumnus exilis (M.H.K.Lichtenstein, 1823)",-35.0833,-7.85069
"Picumnus exilis (M.H.K.Lichtenstein, 1823)",-45.78577,-1.40981
"Picumnus exilis (M.H.K.Lichtenstein, 1823)",-35.71612,-9.60269
"Picumnus exilis (M.H.K.Lichtenstein, 1823)",-60.98524,1.38998
"Picumnus exilis (M.H.K.Lichtenstein, 1823)",-52.70766,5.11514
"Picumnus exilis (M.H.K.Lichtenstein, 1823)",-61.2323,1.78579
"Picumnus exilis (M.H.K.Lichtenstein, 1823)",-55.49572,4.64944
"Picumnus exilis (M.H.K.Lichtenstein, 1823)",-39.11256,-14.20436
"Picumnus exilis (M.H.K.Lichtenstein, 1823)",-61.18441,1.69782
"Picumnus exilis (M.H.K.Lichtenstein, 1823)",-52.28694,4.93891
"Picumnus exilis (M.H.K.Lichtenstein, 1823)",-56.47159,-1.51873
"Picumnus exilis (M.H.K.Lichtenstein, 1823)",-52.58758,5.10758
"Picumnus exilis (M.H.K.Lichtenstein, 1823)",-60.98725,1.42524
"Picumnus exilis (M.H.K.Lichtenstein, 1823)",-40.21534,-14.32966
"Picumnus exilis (M.H.K.Lichtenstein, 1823)",-52.33768,4.8082
"Picumnus exilis (M.H.K.Lichtenstein, 1823)",-39.025,-14.31803
"Picumnus exilis (M.H.K.Lichtenstein, 1823)",-55.22995,5.47156
"Picumnus exilis (M.H.K.Lichtenstein, 1823)",-39.15809,-13.62082
"Picumnus exilis buffonii Lafresnaye, 1845",-47.5569,-4.293
"Picumnus exilis (M.H.K.Lichtenstein, 1823)",-53.23477,3.92404
"Picumnus exilis (M.H.K.Lichtenstein, 1823)",-51.79335,3.82826
"Picumnus exilis (M.H.K.Lichtenstein, 1823)",-35.84252,-8.99107
"Picumnus exilis (M.H.K.Lichtenstein, 1823)",-35.79972,-9.25389
"Picumnus exilis (M.H.K.Lichtenstein, 1823)",-52.662,5.16211
"Picumnus exilis (M.H.K.Lichtenstein, 1823)",-35.74179,-9.61537
"Picumnus exilis (M.H.K.Lichtenstein, 1823)",-59.97663,-3.07662
"Picumnus exilis (M.H.K.Lichtenstein, 1823)",-36.08794,-9.16989
"Picumnus exilis (M.H.K.Lichtenstein, 1823)",-67.91437,3.8225
"Picumnus exilis (M.H.K.Lichtenstein, 1823)",-35.13605,-8.75285
"Picumnus exilis (M.H.K.Lichtenstein, 1823)",-52.25617,4.88513
"Picumnus exilis (M.H.K.Lichtenstein, 1823)",-36.0005,-9.17242
"Picumnus exilis (M.H.K.Lichtenstein, 1823)",-61.42301,3.35434
"Picumnus exilis (M.H.K.Lichtenstein, 1823)",-61.43583,3.36896
"Picumnus exilis (M.H.K.Lichtenstein, 1823)",-36.03132,-9.16011
"Picumnus exilis (M.H.K.Lichtenstein, 1823)",-35.76053,-9.613
"Picumnus exilis (M.H.K.Lichtenstein, 1823)",-35.76121,-9.61259
"Picumnus exilis (M.H.K.Lichtenstein, 1823)",-38.41879,-12.44375
"Picumnus exilis (M.H.K.Lichtenstein, 1823)",-35.85628,-8.69405
"Picumnus exilis (M.H.K.Lichtenstein, 1823)",-35.87413,-9.21624
"Picumnus exilis (M.H.K.Lichtenstein, 1823)",-59.98864,-3.09521
"Picumnus exilis pernambucensis J.T.Zimmer, 1947",-35.8554,-8.69439
"Picumnus exilis pernambucensis J.T.Zimmer, 1947",-35.85616,-8.69436
"Picumnus exilis pernambucensis J.T.Zimmer, 1947",-36.00164,-9.17179
"Picumnus exilis pernambucensis J.T.Zimmer, 1947",-35.73522,-9.66604
"Picumnus exilis undulatus Hargitt, 1889",-61.4464,3.3821
"Picumnus exilis (M.H.K.Lichtenstein, 1823)",-39.18597,-14.34807
"Picumnus exilis (M.H.K.Lichtenstein, 1823)",-67.91134,3.81509
"Picumnus exilis (M.H.K.Lichtenstein, 1823)",-39.02468,-14.32092
"Picumnus exilis (M.H.K.Lichtenstein, 1823)",-39.18398,-14.26017
"Picumnus exilis (M.H.K.Lichtenstein, 1823)",-59.98935,-3.09639
"Picumnus exilis (M.H.K.Lichtenstein, 1823)",-52.69427,5.15101
"Picumnus exilis (M.H.K.Lichtenstein, 1823)",-50.88801,0.29008
"Picumnus exilis (M.H.K.Lichtenstein, 1823)",-39.05174,-14.29362
"Picumnus exilis (M.H.K.Lichtenstein, 1823)",-67.91464,3.82766
"Picumnus exilis (M.H.K.Lichtenstein, 1823)",-67.97455,3.96649
"Picumnus exilis (M.H.K.Lichtenstein, 1823)",-39.06935,-14.2686
"Picumnus exilis (M.H.K.Lichtenstein, 1823)",-61.43066,2.46145
"Picumnus exilis (M.H.K.Lichtenstein, 1823)",-61.41277,2.48071
"Picumnus exilis (M.H.K.Lichtenstein, 1823)",-61.4155,2.43486
"Picumnus exilis (M.H.K.Lichtenstein, 1823)",-61.41542,2.435
"Picumnus exilis (M.H.K.Lichtenstein, 1823)",-59.93982,-3.00741
"Picumnus exilis (M.H.K.Lichtenstein, 1823)",-51.28795,-0.11417
"Picumnus exilis (M.H.K.Lichtenstein, 1823)",-35.19528,-8.65103
"Picumnus exilis (M.H.K.Lichtenstein, 1823)",-35.84087,-8.72023
"Picumnus exilis undulatus Hargitt, 1889",-61.12654,1.82251
"Picumnus exilis undulatus Hargitt, 1889",-61.12629,1.82186
"Picumnus exilis (M.H.K.Lichtenstein, 1823)",-52.68006,5.07191
"Picumnus exilis (M.H.K.Lichtenstein, 1823)",-53.20887,3.62343
"Picumnus exilis (M.H.K.Lichtenstein, 1823)",-39.08763,-16.4005
"Picumnus exilis (M.H.K.Lichtenstein, 1823)",-59.34353,3.66439
"Picumnus exilis (M.H.K.Lichtenstein, 1823)",-59.97633,-3.10047
"Picumnus exilis (M.H.K.Lichtenstein, 1823)",-61.01511,1.49998
"Picumnus exilis (M.H.K.Lichtenstein, 1823)",-39.67659,-14.1054
"Picumnus exilis (M.H.K.Lichtenstein, 1823)",-52.39077,4.71899
"Picumnus exilis pernambucensis J.T.Zimmer, 1947",-36.3849,-9.44522
"Picumnus exilis (M.H.K.Lichtenstein, 1823)",-39.54484,-15.38883
"Picumnus exilis (M.H.K.Lichtenstein, 1823)",-58.14385,6.80555
"Picumnus exilis (M.H.K.Lichtenstein, 1823)",-60.02552,-2.0528
"Picumnus exilis (M.H.K.Lichtenstein, 1823)",-61.13016,1.8275
"Picumnus exilis (M.H.K.Lichtenstein, 1823)",-67.88233,3.88449
"Picumnus exilis (M.H.K.Lichtenstein, 1823)",-52.69368,5.16121
"Picumnus exilis (M.H.K.Lichtenstein, 1823)",-52.33814,4.83995
"Picumnus exilis (M.H.K.Lichtenstein, 1823)",-48.30415,-1.49696
"Picumnus exilis (M.H.K.Lichtenstein, 1823)",-35.82867,-8.61012
"Picumnus exilis (M.H.K.Lichtenstein, 1823)",-35.33234,-9.21755
"Picumnus exilis (M.H.K.Lichtenstein, 1823)",-35.33238,-9.21753
"Picumnus exilis (M.H.K.Lichtenstein, 1823)",-48.31456,-1.49482
"Picumnus exilis (M.H.K.Lichtenstein, 1823)",-64.98852,7.07912
"Picumnus exilis (M.H.K.Lichtenstein, 1823)",-61.42031,5.96703
"Picumnus exilis (M.H.K.Lichtenstein, 1823)",-39.04496,-14.20651
"Picumnus exilis (M.H.K.Lichtenstein, 1823)",-35.76363,-9.61084
"Picumnus exilis (M.H.K.Lichtenstein, 1823)",-39.09365,-14.44831
"Picumnus exilis (M.H.K.Lichtenstein, 1823)",-39.16017,-14.24981
"Picumnus exilis (M.H.K.Lichtenstein, 1823)",-61.10503,4.5964
"Picumnus exilis (M.H.K.Lichtenstein, 1823)",-39.13572,-16.42581
"Picumnus exilis (M.H.K.Lichtenstein, 1823)",-35.14001,-7.93286
"Picumnus exilis buffonii Lafresnaye, 1845",-58.9924,-3.2279
"Picumnus exilis pernambucensis J.T.Zimmer, 1947",-35.76691,-9.61804
"Picumnus exilis (M.H.K.Lichtenstein, 1823)",-39.04449,-14.46378
"Picumnus exilis (M.H.K.Lichtenstein, 1823)",-60.32088,-2.56858
"Picumnus exilis (M.H.K.Lichtenstein, 1823)",-58.98677,-3.21464
"Picumnus exilis (M.H.K.Lichtenstein, 1823)",-35.76109,-9.61469
"Picumnus exilis (M.H.K.Lichtenstein, 1823)",-39.04556,-14.48955
"Picumnus exilis (M.H.K.Lichtenstein, 1823)",-39.0347,-14.79813
"Picumnus exilis (M.H.K.Lichtenstein, 1823)",-38.40417,-12.44858
"Picumnus exilis (M.H.K.Lichtenstein, 1823)",-35.03975,-7.93375
"Picumnus exilis (M.H.K.Lichtenstein, 1823)",-61.77956,7.99804
"Picumnus exilis (M.H.K.Lichtenstein, 1823)",-55.15612,5.83353
"Picumnus exilis (M.H.K.Lichtenstein, 1823)",-61.43425,3.36196
"Picumnus exilis (M.H.K.Lichtenstein, 1823)",-39.06416,-14.4595
"Picumnus exilis (M.H.K.Lichtenstein, 1823)",-60.0511,-1.981
"Picumnus exilis (M.H.K.Lichtenstein, 1823)",-52.2836,4.716
"Picumnus exilis (M.H.K.Lichtenstein, 1823)",-60.03745,-3.10143
"Picumnus exilis (M.H.K.Lichtenstein, 1823)",-39.01676,-14.10367
"Picumnus exilis (M.H.K.Lichtenstein, 1823)",-36.00065,-9.17244
"Picumnus exilis (M.H.K.Lichtenstein, 1823)",-35.85641,-8.69407
"Picumnus exilis (M.H.K.Lichtenstein, 1823)",-60.02692,-1.98814
"Picumnus exilis (M.H.K.Lichtenstein, 1823)",-59.96784,-3.07092
"Picumnus exilis (M.H.K.Lichtenstein, 1823)",-60.10791,-3.06279
"Picumnus exilis (M.H.K.Lichtenstein, 1823)",-34.9474,-8.01056
"Picumnus exilis (M.H.K.Lichtenstein, 1823)",-39.03167,-14.7931
"Picumnus exilis (M.H.K.Lichtenstein, 1823)",-51.40947,0.70837
"Picumnus exilis (M.H.K.Lichtenstein, 1823)",-39.0966,-14.33521
"Picumnus exilis (M.H.K.Lichtenstein, 1823)",-52.48446,5.01152
"Picumnus exilis (M.H.K.Lichtenstein, 1823)",-39.035,-14.27584
"Picumnus exilis (M.H.K.Lichtenstein, 1823)",-52.4531,4.96844
"Picumnus exilis (M.H.K.Lichtenstein, 1823)",-35.85628,-8.69391
"Picumnus exilis (M.H.K.Lichtenstein, 1823)",-60.94533,-2.65257
"Picumnus exilis (M.H.K.Lichtenstein, 1823)",-34.8619,-7.13634
"Picumnus exilis (M.H.K.Lichtenstein, 1823)",-35.837,-8.72216
"Picumnus exilis (M.H.K.Lichtenstein, 1823)",-35.18277,-8.62849
"Picumnus exilis (M.H.K.Lichtenstein, 1823)",-58.46288,-3.12235
"Picumnus exilis (M.H.K.Lichtenstein, 1823)",-59.31006,3.75279
"Picumnus exilis (M.H.K.Lichtenstein, 1823)",-59.55,4.02917
"Picumnus exilis (M.H.K.Lichtenstein, 1823)",-38.99464,-14.28012
"Picumnus exilis (M.H.K.Lichtenstein, 1823)",-38.99468,-14.28007
"Picumnus exilis (M.H.K.Lichtenstein, 1823)",-61.63336,8.04995
"Picumnus exilis (M.H.K.Lichtenstein, 1823)",-39.01239,-14.16062
"Picumnus exilis (M.H.K.Lichtenstein, 1823)",-34.83578,-7.92826
"Picumnus exilis (M.H.K.Lichtenstein, 1823)",-67.86697,3.81284
"Picumnus exilis (M.H.K.Lichtenstein, 1823)",-39.06099,-14.42237
"Picumnus exilis (M.H.K.Lichtenstein, 1823)",-39.05403,-14.42659
"Picumnus exilis (M.H.K.Lichtenstein, 1823)",-55.34389,4.6655
"Picumnus exilis (M.H.K.Lichtenstein, 1823)",-39.2661,-13.82919
"Picumnus exilis (M.H.K.Lichtenstein, 1823)",-61.64289,8.04488
"Picumnus exilis (M.H.K.Lichtenstein, 1823)",-46.82733,-3.51072
"Picumnus exilis (M.H.K.Lichtenstein, 1823)",-61.12553,4.49661
"Picumnus exilis (M.H.K.Lichtenstein, 1823)",-39.11292,-16.35122
"Picumnus exilis pernambucensis J.T.Zimmer, 1947",-35.76077,-9.61363
"Picumnus exilis (M.H.K.Lichtenstein, 1823)",-60.6173,5.0524
"Picumnus exilis (M.H.K.Lichtenstein, 1823)",-52.27042,4.89903
"Picumnus exilis (M.H.K.Lichtenstein, 1823)",-67.86706,3.81291
"Picumnus exilis (M.H.K.Lichtenstein, 1823)",-60.09008,-2.7977
"Picumnus exilis (M.H.K.Lichtenstein, 1823)",-35.87534,-9.21654
"Picumnus exilis (M.H.K.Lichtenstein, 1823)",-59.06115,4.15458
"Picumnus exilis (M.H.K.Lichtenstein, 1823)",-59.34705,3.6608
"Picumnus exilis (M.H.K.Lichtenstein, 1823)",-61.70741,8.0965
"Picumnus exilis (M.H.K.Lichtenstein, 1823)",-61.71905,8.1105
"Picumnus exilis (M.H.K.Lichtenstein, 1823)",-67.88657,3.90139
"Picumnus exilis (M.H.K.Lichtenstein, 1823)",-67.91624,3.8626
"Picumnus exilis (M.H.K.Lichtenstein, 1823)",-60.61454,5.06562
"Picumnus exilis (M.H.K.Lichtenstein, 1823)",-61.13827,1.79132
"Picumnus exilis (M.H.K.Lichtenstein, 1823)",-67.88026,3.87213
"Picumnus exilis (M.H.K.Lichtenstein, 1823)",-67.92757,3.86573
"Picumnus exilis (M.H.K.Lichtenstein, 1823)",-52.45144,4.28115
"Picumnus exilis pernambucensis J.T.Zimmer, 1947",-35.76016,-9.61223
"Picumnus exilis (M.H.K.Lichtenstein, 1823)",-39.02279,-16.27766
"Picumnus exilis (M.H.K.Lichtenstein, 1823)",-59.34348,3.663
"Picumnus exilis (M.H.K.Lichtenstein, 1823)",-59.05298,4.14575
"Picumnus exilis (M.H.K.Lichtenstein, 1823)",-64.99807,7.07495
"Picumnus exilis (M.H.K.Lichtenstein, 1823)",-59.05888,4.16595
"Picumnus exilis (M.H.K.Lichtenstein, 1823)",-34.8568,-7.06238
"Picumnus exilis (M.H.K.Lichtenstein, 1823)",-59.98476,-3.09873
"Picumnus exilis (M.H.K.Lichtenstein, 1823)",-35.09112,-8.71531
"Picumnus exilis (M.H.K.Lichtenstein, 1823)",-61.20464,1.7785
"Picumnus exilis (M.H.K.Lichtenstein, 1823)",-59.39301,3.56161
"Picumnus exilis (M.H.K.Lichtenstein, 1823)",-39.02417,-16.27789
"Picumnus exilis (M.H.K.Lichtenstein, 1823)",-55.4194,4.63588
"Picumnus exilis (M.H.K.Lichtenstein, 1823)",-55.41692,4.64233
"Picumnus exilis (M.H.K.Lichtenstein, 1823)",-55.177,5.47237
"Picumnus exilis (M.H.K.Lichtenstein, 1823)",-60.80083,2.53512
"Picumnus exilis (M.H.K.Lichtenstein, 1823)",-64.99701,7.07278
"Picumnus exilis (M.H.K.Lichtenstein, 1823)",-65.01319,7.29272
"Picumnus exilis (M.H.K.Lichtenstein, 1823)",-67.93075,3.74023
"Picumnus exilis (M.H.K.Lichtenstein, 1823)",-38.14215,-12.6556
"Picumnus exilis (M.H.K.Lichtenstein, 1823)",-61.00279,1.48882
"Picumnus exilis (M.H.K.Lichtenstein, 1823)",-59.6449,3.30589
"Picumnus exilis (M.H.K.Lichtenstein, 1823)",-39.77972,-14.13415
"Picumnus exilis (M.H.K.Lichtenstein, 1823)",-51.29416,-0.13041
"Picumnus exilis (M.H.K.Lichtenstein, 1823)",-34.95841,-8.07487
"Picumnus exilis (M.H.K.Lichtenstein, 1823)",-52.36224,4.91396
"Picumnus exilis (M.H.K.Lichtenstein, 1823)",-38.45417,-12.5156
"Picumnus exilis (M.H.K.Lichtenstein, 1823)",-38.98563,-14.28635
"Picumnus exilis (M.H.K.Lichtenstein, 1823)",-39.08825,-14.3082
"Picumnus exilis (M.H.K.Lichtenstein, 1823)",-45.61034,-3.54585
"Picumnus exilis (M.H.K.Lichtenstein, 1823)",-64.99741,7.07471
"Picumnus exilis (M.H.K.Lichtenstein, 1823)",-61.58983,4.47075
"Picumnus exilis (M.H.K.Lichtenstein, 1823)",-52.27484,4.70761
"Picumnus exilis (M.H.K.Lichtenstein, 1823)",-52.25889,4.70444
"Picumnus exilis (M.H.K.Lichtenstein, 1823)",-46.83209,-3.49902
"Picumnus exilis (M.H.K.Lichtenstein, 1823)",-52.67722,5.15982
"Picumnus exilis (M.H.K.Lichtenstein, 1823)",-52.61821,5.1061
"Picumnus exilis (M.H.K.Lichtenstein, 1823)",-46.83208,-3.49894
"Picumnus exilis (M.H.K.Lichtenstein, 1823)",-59.8921,-2.41002
"Picumnus exilis (M.H.K.Lichtenstein, 1823)",-52.31164,4.94661
"Picumnus exilis (M.H.K.Lichtenstein, 1823)",-52.7302,5.12176
"Picumnus exilis (M.H.K.Lichtenstein, 1823)",-59.06298,4.16614
"Picumnus exilis (M.H.K.Lichtenstein, 1823)",-34.95776,-6.99795
"Picumnus exilis (M.H.K.Lichtenstein, 1823)",-37.77268,-11.74848
"Picumnus exilis (M.H.K.Lichtenstein, 1823)",-36.45689,-9.24712
"Picumnus exilis (M.H.K.Lichtenstein, 1823)",-36.42288,-9.26143
"Picumnus exilis (M.H.K.Lichtenstein, 1823)",-34.92886,-7.92914
"Picumnus exilis (M.H.K.Lichtenstein, 1823)",-35.97848,-9.51693
"Picumnus exilis (M.H.K.Lichtenstein, 1823)",-53.17487,3.60942
"Picumnus exilis pernambucensis J.T.Zimmer, 1947",-35.76091,-9.61244
"Picumnus exilis (M.H.K.Lichtenstein, 1823)",-52.63585,5.14803
"Picumnus exilis (M.H.K.Lichtenstein, 1823)",-60.04109,-1.97573
"Picumnus exilis (M.H.K.Lichtenstein, 1823)",-35.01428,-7.15286
"Picumnus exilis (M.H.K.Lichtenstein, 1823)",-60.02774,-1.98839
"Picumnus exilis pernambucensis J.T.Zimmer, 1947",-35.76091,-9.61259
"Picumnus exilis (M.H.K.Lichtenstein, 1823)",-52.32624,4.94032
"Picumnus exilis (M.H.K.Lichtenstein, 1823)",-52.34367,4.83141
"Picumnus exilis (M.H.K.Lichtenstein, 1823)",-35.75771,-9.61442
"Picumnus exilis (M.H.K.Lichtenstein, 1823)",-59.98265,-3.07497
"Picumnus exilis (M.H.K.Lichtenstein, 1823)",-35.96434,-9.55725
"Picumnus exilis (M.H.K.Lichtenstein, 1823)",-55.222,5.46067
"Picumnus exilis (M.H.K.Lichtenstein, 1823)",-37.40048,-11.50373
"Picumnus exilis (M.H.K.Lichtenstein, 1823)",-39.00864,-14.1192
"Picumnus exilis (M.H.K.Lichtenstein, 1823)",-40.59632,-11.43047
"Picumnus exilis (M.H.K.Lichtenstein, 1823)",-61.75816,3.76208
"Picumnus exilis (M.H.K.Lichtenstein, 1823)",-60.1888,-3.29006
"Picumnus exilis (M.H.K.Lichtenstein, 1823)",-40.08303,-14.43523
"Picumnus exilis buffonii Lafresnaye, 1845",-61.062,1.439
"Picumnus exilis (M.H.K.Lichtenstein, 1823)",-35.87442,-9.21368
"Picumnus exilis (M.H.K.Lichtenstein, 1823)",-37.356,-11.201
"Picumnus exilis (M.H.K.Lichtenstein, 1823)",-40.22426,-14.32403
"Picumnus exilis (M.H.K.Lichtenstein, 1823)",-35.3187,-7.58371
"Picumnus exilis (M.H.K.Lichtenstein, 1823)",-61.00546,1.45933
"Picumnus exilis (M.H.K.Lichtenstein, 1823)",-60.10695,-3.06164
"Picumnus exilis (M.H.K.Lichtenstein, 1823)",-67.88156,3.88046
"Picumnus exilis (M.H.K.Lichtenstein, 1823)",-67.89681,3.87245
"Picumnus exilis (M.H.K.Lichtenstein, 1823)",-52.4577,4.7962
"Picumnus exilis (M.H.K.Lichtenstein, 1823)",-35.2011,-8.04305
"Picumnus exilis (M.H.K.Lichtenstein, 1823)",-53.10937,5.40736
"Picumnus exilis (M.H.K.Lichtenstein, 1823)",-35.95475,-9.83176
"Picumnus exilis (M.H.K.Lichtenstein, 1823)",-36.17896,-10.12594
"Picumnus exilis pernambucensis J.T.Zimmer, 1947",-35.76031,-9.61223
"Picumnus exilis (M.H.K.Lichtenstein, 1823)",-59.52542,2.82437
"Picumnus exilis (M.H.K.Lichtenstein, 1823)",-35.81287,-9.55437
"Picumnus exilis (M.H.K.Lichtenstein, 1823)",-52.67961,5.17482
"Picumnus exilis (M.H.K.Lichtenstein, 1823)",-40.13842,-14.37952
"Picumnus exilis (M.H.K.Lichtenstein, 1823)",-39.06696,-13.36165
"Picumnus exilis (M.H.K.Lichtenstein, 1823)",-61.11016,4.59764
"Picumnus exilis (M.H.K.Lichtenstein, 1823)",-61.26502,0.9637
"Picumnus exilis (M.H.K.Lichtenstein, 1823)",-61.68397,0.52941
"Picumnus exilis (M.H.K.Lichtenstein, 1823)",-61.67925,0.53709
"Picumnus exilis (M.H.K.Lichtenstein, 1823)",-61.67591,0.54318
"Picumnus exilis (M.H.K.Lichtenstein, 1823)",-61.66318,0.82779
"Picumnus exilis (M.H.K.Lichtenstein, 1823)",-61.66055,0.83134
"Picumnus exilis (M.H.K.Lichtenstein, 1823)",-61.65588,0.84152
"Picumnus exilis (M.H.K.Lichtenstein, 1823)",-61.65169,0.84161
"Picumnus exilis (M.H.K.Lichtenstein, 1823)",-61.25504,0.99692
"Picumnus exilis (M.H.K.Lichtenstein, 1823)",-61.25254,1.00096
"Picumnus exilis (M.H.K.Lichtenstein, 1823)",-61.25375,1.01086
"Picumnus exilis (M.H.K.Lichtenstein, 1823)",-61.24154,1.03079
"Picumnus exilis (M.H.K.Lichtenstein, 1823)",-61.20279,0.97032
"Picumnus exilis (M.H.K.Lichtenstein, 1823)",-61.25414,1.04001
"Picumnus exilis (M.H.K.Lichtenstein, 1823)",-39.13583,-16.35806
"Picumnus exilis (M.H.K.Lichtenstein, 1823)",-67.859,3.841
"Picumnus exilis (M.H.K.Lichtenstein, 1823)",-56.40889,-1.4512
"Picumnus exilis (M.H.K.Lichtenstein, 1823)",-35.72308,-9.5925
"Picumnus exilis (M.H.K.Lichtenstein, 1823)",-56.20219,4.69772
"Picumnus exilis (M.H.K.Lichtenstein, 1823)",-46.18716,-0.94202
"Picumnus exilis (M.H.K.Lichtenstein, 1823)",-35.8444,-8.72103
"Picumnus exilis (M.H.K.Lichtenstein, 1823)",-39.2269,-16.48702
"Picumnus exilis (M.H.K.Lichtenstein, 1823)",-35.8389,-9.2395
"Picumnus exilis (M.H.K.Lichtenstein, 1823)",-35.11196,-8.75072
"Picumnus exilis (M.H.K.Lichtenstein, 1823)",-55.96135,-1.64686
"Picumnus exilis (M.H.K.Lichtenstein, 1823)",-55.95714,-1.67072
"Picumnus exilis (M.H.K.Lichtenstein, 1823)",-59.23384,3.94655
"Picumnus exilis (M.H.K.Lichtenstein, 1823)",-59.26292,3.33881
"Picumnus exilis (M.H.K.Lichtenstein, 1823)",-59.31321,3.35775
"Picumnus exilis (M.H.K.Lichtenstein, 1823)",-55.44094,3.34782
"Picumnus exilis (M.H.K.Lichtenstein, 1823)",-35.8726,-9.2144
"Picumnus exilis (M.H.K.Lichtenstein, 1823)",-51.31385,-0.13601
"Picumnus exilis (M.H.K.Lichtenstein, 1823)",-39.25633,-16.47256
"Picumnus exilis (M.H.K.Lichtenstein, 1823)",-55.20044,5.50083
"Picumnus exilis (M.H.K.Lichtenstein, 1823)",-61.52237,4.53784
"Picumnus exilis (M.H.K.Lichtenstein, 1823)",-39.13962,-16.52654
"Picumnus exilis (M.H.K.Lichtenstein, 1823)",-53.03407,5.07343
"Picumnus exilis (M.H.K.Lichtenstein, 1823)",-67.87768,3.88471
"Picumnus exilis (M.H.K.Lichtenstein, 1823)",-61.42006,5.96928
"Picumnus exilis (M.H.K.Lichtenstein, 1823)",-61.42005,5.96973
"Picumnus exilis (M.H.K.Lichtenstein, 1823)",-35.79324,-8.72756
"Picumnus exilis (M.H.K.Lichtenstein, 1823)",-36.10695,-8.97876
"Picumnus exilis buffonii Lafresnaye, 1845",-51.28625,-0.11582
"Picumnus exilis buffonii Lafresnaye, 1845",-59.98596,-3.09883
"Picumnus exilis buffonii Lafresnaye, 1845",-59.98624,-3.09772
"Picumnus exilis (M.H.K.Lichtenstein, 1823)",-61.50066,-1.55827
"Picumnus exilis (M.H.K.Lichtenstein, 1823)",-61.36773,-1.87257
"Picumnus exilis (M.H.K.Lichtenstein, 1823)",-61.50473,-1.55581
"Picumnus exilis (M.H.K.Lichtenstein, 1823)",-60.02858,-2.03545
"Picumnus exilis (M.H.K.Lichtenstein, 1823)",-60.02682,-1.98712
"Picumnus exilis (M.H.K.Lichtenstein, 1823)",-55.22945,5.46296
"Picumnus exilis (M.H.K.Lichtenstein, 1823)",-39.90548,-13.8585
"Picumnus exilis (M.H.K.Lichtenstein, 1823)",-70.22854,1.22183
"Picumnus exilis (M.H.K.Lichtenstein, 1823)",-59.83216,-3.79965
"Picumnus exilis (M.H.K.Lichtenstein, 1823)",-34.84477,-7.85318
"Picumnus exilis (M.H.K.Lichtenstein, 1823)",-60.10738,-3.06436
"Picumnus exilis pernambucensis J.T.Zimmer, 1947",-35.76092,-9.61278
"Picumnus exilis (M.H.K.Lichtenstein, 1823)",-52.37,4.87
"Picumnus exilis (M.H.K.Lichtenstein, 1823)",-61.91828,-1.27219
"Picumnus exilis (M.H.K.Lichtenstein, 1823)",-61.92556,-1.27468
"Picumnus exilis (M.H.K.Lichtenstein, 1823)",-47.73418,-3.26491
"Picumnus exilis (M.H.K.Lichtenstein, 1823)",-39.16972,-16.38768
"Picumnus exilis (M.H.K.Lichtenstein, 1823)",-60.1073,-3.06386
"Picumnus exilis (M.H.K.Lichtenstein, 1823)",-35.85622,-8.69403
"Picumnus exilis (M.H.K.Lichtenstein, 1823)",-35.85612,-8.69402
"Picumnus exilis (M.H.K.Lichtenstein, 1823)",-67.91361,3.82113
"Picumnus exilis (M.H.K.Lichtenstein, 1823)",-60.66997,-4.07364
"Picumnus exilis (M.H.K.Lichtenstein, 1823)",-59.98417,-3.12996
"Picumnus exilis (M.H.K.Lichtenstein, 1823)",-34.9444,-7.92634
"Picumnus exilis (M.H.K.Lichtenstein, 1823)",-59.89978,-2.39737
"Picumnus exilis (M.H.K.Lichtenstein, 1823)",-62.29964,-1.09641
"Picumnus exilis (M.H.K.Lichtenstein, 1823)",-62.30408,-1.09412
"Picumnus exilis (M.H.K.Lichtenstein, 1823)",-62.31892,-1.0818
"Picumnus exilis (M.H.K.Lichtenstein, 1823)",-52.36301,4.89556
"Picumnus exilis (M.H.K.Lichtenstein, 1823)",-48.44556,-1.45233
"Picumnus exilis (M.H.K.Lichtenstein, 1823)",-40.19262,-10.34477
"Picumnus exilis (M.H.K.Lichtenstein, 1823)",-34.84388,-7.1384
"Picumnus exilis (M.H.K.Lichtenstein, 1823)",-35.03132,-7.9035
"Picumnus exilis (M.H.K.Lichtenstein, 1823)",-59.9578,-2.35531
"Picumnus exilis (M.H.K.Lichtenstein, 1823)",-52.51299,4.46443
"Picumnus exilis (M.H.K.Lichtenstein, 1823)",-58.66322,4.61133
"Picumnus exilis (M.H.K.Lichtenstein, 1823)",-35.17458,-8.65468
"Picumnus exilis (M.H.K.Lichtenstein, 1823)",-39.02118,-16.32587
"Picumnus exilis (M.H.K.Lichtenstein, 1823)",-52.30362,4.7197
"Picumnus exilis (M.H.K.Lichtenstein, 1823)",-67.96706,3.86133
"Picumnus exilis (M.H.K.Lichtenstein, 1823)",-39.55375,-15.38219
"Picumnus exilis (M.H.K.Lichtenstein, 1823)",-52.67724,5.17558
"Picumnus exilis (M.H.K.Lichtenstein, 1823)",-52.32656,4.7414
"Picumnus exilis (M.H.K.Lichtenstein, 1823)",-60.0266,-3.0925
"Picumnus exilis pernambucensis J.T.Zimmer, 1947",-35.93258,-9.26248
"Picumnus exilis (M.H.K.Lichtenstein, 1823)",-34.91598,-8.04227
"Picumnus exilis (M.H.K.Lichtenstein, 1823)",-52.3365,4.94007
"Picumnus exilis (M.H.K.Lichtenstein, 1823)",-35.03152,-7.90428
"Picumnus exilis (M.H.K.Lichtenstein, 1823)",-35.038,-7.93344
"Picumnus exilis (M.H.K.Lichtenstein, 1823)",-40.21232,-14.73728
"Picumnus exilis (M.H.K.Lichtenstein, 1823)",-67.58051,5.60142
"Picumnus exilis undulatus Hargitt, 1889",-62.2446,1.4787
"Picumnus exilis (M.H.K.Lichtenstein, 1823)",-52.27913,4.88412
"Picumnus exilis (M.H.K.Lichtenstein, 1823)",-39.01088,-13.1926
"Picumnus exilis (M.H.K.Lichtenstein, 1823)",-59.0875,3.99707
"Picumnus exilis (M.H.K.Lichtenstein, 1823)",-62.19163,1.48312
"Picumnus exilis (M.H.K.Lichtenstein, 1823)",-51.88163,3.79754
"Picumnus exilis (M.H.K.Lichtenstein, 1823)",-61.45842,5.87701
"Picumnus exilis (M.H.K.Lichtenstein, 1823)",-61.31332,6.29209
"Picumnus exilis undulatus Hargitt, 1889",-55.44677,3.35019
"Picumnus exilis (M.H.K.Lichtenstein, 1823)",-34.91453,-8.09475
"Picumnus exilis (M.H.K.Lichtenstein, 1823)",-39.40841,-15.2029
"Picumnus exilis (M.H.K.Lichtenstein, 1823)",-39.01187,-16.19383
"Picumnus exilis (M.H.K.Lichtenstein, 1823)",-34.90417,-8.03676
"Picumnus exilis (M.H.K.Lichtenstein, 1823)",-60.6151,-2.68831
"Picumnus exilis (M.H.K.Lichtenstein, 1823)",-60.60451,-2.70353
"Picumnus exilis (M.H.K.Lichtenstein, 1823)",-48.29007,-3.73145
"Picumnus exilis (M.H.K.Lichtenstein, 1823)",-40.0789,-14.4366
"Picumnus exilis buffonii Lafresnaye, 1845",-55.9094,-1.6691
"Picumnus exilis (M.H.K.Lichtenstein, 1823)",-67.92882,3.86745
"Picumnus exilis (M.H.K.Lichtenstein, 1823)",-35.01524,-7.91573
"Picumnus exilis (M.H.K.Lichtenstein, 1823)",-35.03223,-7.90304
"Picumnus exilis (M.H.K.Lichtenstein, 1823)",-35.96434,-9.59601
"Picumnus exilis (M.H.K.Lichtenstein, 1823)",-38.03744,-12.56795
"Picumnus exilis (M.H.K.Lichtenstein, 1823)",-62.79137,-0.11314
"Picumnus exilis (M.H.K.Lichtenstein, 1823)",-62.74896,-0.25604
"Picumnus exilis (M.H.K.Lichtenstein, 1823)",-67.74567,4.01902
"Picumnus exilis (M.H.K.Lichtenstein, 1823)",-39.15918,-13.87808
Picumnus exilis exilis,-39.1395,-16.3458
"Picumnus exilis (M.H.K.Lichtenstein, 1823)",-56.888,-0.8025
"Picumnus exilis (M.H.K.Lichtenstein, 1823)",-35.02178,-7.91631
"Picumnus exilis (M.H.K.Lichtenstein, 1823)",-35.99917,-9.17194
"Picumnus exilis (M.H.K.Lichtenstein, 1823)",-36.00043,-9.17219
"Picumnus exilis (M.H.K.Lichtenstein, 1823)",-60.43029,-2.7471
"Picumnus exilis (M.H.K.Lichtenstein, 1823)",-48.60004,-5.04759
"Picumnus exilis (M.H.K.Lichtenstein, 1823)",-53.92975,5.74225
"Picumnus exilis (M.H.K.Lichtenstein, 1823)",-60.09415,-2.4645
"Picumnus exilis (M.H.K.Lichtenstein, 1823)",-51.18925,0.86385
"Picumnus exilis (M.H.K.Lichtenstein, 1823)",-39.01633,-14.30031
"Picumnus exilis (M.H.K.Lichtenstein, 1823)",-60.02681,-2.57457
"Picumnus exilis (M.H.K.Lichtenstein, 1823)",-62.85445,6.24228
"Picumnus exilis (M.H.K.Lichtenstein, 1823)",-61.79479,3.8008
"Picumnus exilis (M.H.K.Lichtenstein, 1823)",-35.17004,-8.65641
"Picumnus exilis (M.H.K.Lichtenstein, 1823)",-55.22866,5.4649
"Picumnus exilis (M.H.K.Lichtenstein, 1823)",-60.05053,-1.9781
"Picumnus exilis (M.H.K.Lichtenstein, 1823)",-39.17871,-16.3926
"Picumnus exilis (M.H.K.Lichtenstein, 1823)",-58.91007,4.24576
"Picumnus exilis (M.H.K.Lichtenstein, 1823)",-61.44379,5.9439
"Picumnus exilis (M.H.K.Lichtenstein, 1823)",-61.41658,6.13292
"Picumnus exilis (M.H.K.Lichtenstein, 1823)",-61.38273,5.96254
"Picumnus exilis (M.H.K.Lichtenstein, 1823)",-34.91603,-6.80902
"Picumnus exilis (M.H.K.Lichtenstein, 1823)",-61.73464,3.77936
"Picumnus exilis (M.H.K.Lichtenstein, 1823)",-59.528,2.82792
"Picumnus exilis (M.H.K.Lichtenstein, 1823)",-35.82212,-8.71289
"Picumnus exilis (M.H.K.Lichtenstein, 1823)",-60.63017,2.85487
"Picumnus exilis (M.H.K.Lichtenstein, 1823)",-35.17445,-8.72968
"Picumnus exilis (M.H.K.Lichtenstein, 1823)",-40.13355,-14.41406
"Picumnus exilis (M.H.K.Lichtenstein, 1823)",-35.15651,-8.65879
"Picumnus exilis (M.H.K.Lichtenstein, 1823)",-39.04112,-13.2868
"Picumnus exilis (M.H.K.Lichtenstein, 1823)",-59.30972,3.75194
"Picumnus exilis (M.H.K.Lichtenstein, 1823)",-59.51908,3.97309
"Picumnus exilis (M.H.K.Lichtenstein, 1823)",-59.5159,2.82457
"Picumnus exilis (M.H.K.Lichtenstein, 1823)",-59.65624,3.73656
"Picumnus exilis (M.H.K.Lichtenstein, 1823)",-59.55146,4.00149
"Picumnus exilis (M.H.K.Lichtenstein, 1823)",-35.10183,-8.67893
"Picumnus exilis (M.H.K.Lichtenstein, 1823)",-54.46801,2.22838
"Picumnus exilis (M.H.K.Lichtenstein, 1823)",-54.43461,2.23909
"Picumnus exilis (M.H.K.Lichtenstein, 1823)",-54.46662,2.23271
"Picumnus exilis (M.H.K.Lichtenstein, 1823)",-39.74158,-14.12846
"Picumnus exilis (M.H.K.Lichtenstein, 1823)",-55.23049,5.47333
"Picumnus exilis (M.H.K.Lichtenstein, 1823)",-56.18794,4.68252
"Picumnus exilis (M.H.K.Lichtenstein, 1823)",-61.40328,6.01082
"Picumnus exilis (M.H.K.Lichtenstein, 1823)",-59.09503,4.17575
"Picumnus exilis (M.H.K.Lichtenstein, 1823)",-62.5167,5.97867
"Picumnus exilis (M.H.K.Lichtenstein, 1823)",-52.31756,4.94471
"Picumnus exilis (M.H.K.Lichtenstein, 1823)",-67.80685,3.81459
"Picumnus exilis (M.H.K.Lichtenstein, 1823)",-52.27617,4.9255
"Picumnus exilis (M.H.K.Lichtenstein, 1823)",-48.3937,-1.3708
"Picumnus exilis (M.H.K.Lichtenstein, 1823)",-47.66539,-0.94807
"Picumnus exilis (M.H.K.Lichtenstein, 1823)",-47.64893,-0.94864
"Picumnus exilis (M.H.K.Lichtenstein, 1823)",-34.95138,-8.05115
"Picumnus exilis (M.H.K.Lichtenstein, 1823)",-52.2741,4.9205
"Picumnus exilis (M.H.K.Lichtenstein, 1823)",-48.44863,-1.43696
"Picumnus exilis (M.H.K.Lichtenstein, 1823)",-59.97338,-2.36436
"Picumnus exilis (M.H.K.Lichtenstein, 1823)",-61.1462,1.74237
"Picumnus exilis (M.H.K.Lichtenstein, 1823)",-61.60139,3.61896
"Picumnus exilis (M.H.K.Lichtenstein, 1823)",-59.16579,-2.82322
"Picumnus exilis (M.H.K.Lichtenstein, 1823)",-60.10876,-3.06136
"Picumnus exilis (M.H.K.Lichtenstein, 1823)",-67.55068,5.58472
"Picumnus exilis (M.H.K.Lichtenstein, 1823)",-60.11466,-3.05037
"Picumnus exilis (M.H.K.Lichtenstein, 1823)",-67.57642,5.60502
"Picumnus exilis (M.H.K.Lichtenstein, 1823)",-60.0267,-1.9878
"Picumnus exilis (M.H.K.Lichtenstein, 1823)",-39.00479,-14.35072
"Picumnus exilis (M.H.K.Lichtenstein, 1823)",-59.748,-2.038
"Picumnus exilis (M.H.K.Lichtenstein, 1823)",-60.05254,-1.98757
"Picumnus exilis (M.H.K.Lichtenstein, 1823)",-60.025,-2.0319
"Picumnus exilis pernambucensis J.T.Zimmer, 1947",-35.16501,-7.92378
"Picumnus exilis (M.H.K.Lichtenstein, 1823)",-60.02422,-3.10119
"Picumnus exilis (M.H.K.Lichtenstein, 1823)",-60.00612,-2.04699
"Picumnus exilis (M.H.K.Lichtenstein, 1823)",-59.98304,-2.06589
"Picumnus exilis (M.H.K.Lichtenstein, 1823)",-60.24641,2.47416
"Picumnus exilis (M.H.K.Lichtenstein, 1823)",-59.5592,3.77176
"Picumnus exilis (M.H.K.Lichtenstein, 1823)",-39.56445,-15.39183
"Picumnus exilis (M.H.K.Lichtenstein, 1823)",-58.46028,2.86892
"Picumnus exilis (M.H.K.Lichtenstein, 1823)",-59.06153,4.15833
"Picumnus exilis (M.H.K.Lichtenstein, 1823)",-35.87983,-9.21765
"Picumnus exilis (M.H.K.Lichtenstein, 1823)",-35.83943,-9.23876
"Picumnus exilis (M.H.K.Lichtenstein, 1823)",-39.02584,-14.32635
"Picumnus exilis (M.H.K.Lichtenstein, 1823)",-58.76862,4.47986
"Picumnus exilis (M.H.K.Lichtenstein, 1823)",-58.67248,3.83685
"Picumnus exilis (M.H.K.Lichtenstein, 1823)",-61.57822,4.45043
"Picumnus exilis (M.H.K.Lichtenstein, 1823)",-61.58057,4.54563
"Picumnus exilis (M.H.K.Lichtenstein, 1823)",-37.42841,-11.36923
"Picumnus exilis (M.H.K.Lichtenstein, 1823)",-51.24571,0.85697
"Picumnus exilis (M.H.K.Lichtenstein, 1823)",-59.53427,4.02898
"Picumnus exilis (M.H.K.Lichtenstein, 1823)",-59.97255,5.37627
"Picumnus exilis (M.H.K.Lichtenstein, 1823)",-52.0275,0.87857
"Picumnus exilis (M.H.K.Lichtenstein, 1823)",-59.97306,5.37702
"Picumnus exilis (M.H.K.Lichtenstein, 1823)",-36.429,-9.2267
"Picumnus exilis (M.H.K.Lichtenstein, 1823)",-61.59019,4.47483
"Picumnus exilis (M.H.K.Lichtenstein, 1823)",-61.06894,4.64389
"Picumnus exilis (M.H.K.Lichtenstein, 1823)",-61.56763,4.48616
"Picumnus exilis (M.H.K.Lichtenstein, 1823)",-55.93643,-1.78435
"Picumnus exilis (M.H.K.Lichtenstein, 1823)",-39.23132,-14.75505
"Picumnus exilis buffonii Lafresnaye, 1845",-59.99318,-3.09358
"Picumnus exilis (M.H.K.Lichtenstein, 1823)",-65.79879,2.7892
"Picumnus exilis (M.H.K.Lichtenstein, 1823)",-39.17319,-13.78445
"Picumnus exilis (M.H.K.Lichtenstein, 1823)",-62.10175,-0.98456
"Picumnus exilis (M.H.K.Lichtenstein, 1823)",-65.22119,-0.3585
"Picumnus exilis (M.H.K.Lichtenstein, 1823)",-65.18794,-0.37335
"Picumnus exilis (M.H.K.Lichtenstein, 1823)",-62.9182,-0.42261
"Picumnus exilis (M.H.K.Lichtenstein, 1823)",-64.10204,-0.14213
"Picumnus exilis (M.H.K.Lichtenstein, 1823)",-38.34558,-12.94798
"Picumnus exilis (M.H.K.Lichtenstein, 1823)",-60.99522,1.48518
"Picumnus exilis (M.H.K.Lichtenstein, 1823)",-39.54778,-15.38067
"Picumnus exilis (M.H.K.Lichtenstein, 1823)",-60.94027,2.5273
"Picumnus exilis (M.H.K.Lichtenstein, 1823)",-60.93828,2.53149
"Picumnus exilis (M.H.K.Lichtenstein, 1823)",-60.93219,2.5418
"Picumnus exilis (M.H.K.Lichtenstein, 1823)",-48.44636,-1.45012
"Picumnus exilis (M.H.K.Lichtenstein, 1823)",-59.0625,4.18618
"Picumnus exilis (M.H.K.Lichtenstein, 1823)",-35.04999,-8.59512
"Picumnus exilis (M.H.K.Lichtenstein, 1823)",-66.11833,5.61167
"Picumnus exilis (M.H.K.Lichtenstein, 1823)",-48.43635,-1.45836
"Picumnus exilis (M.H.K.Lichtenstein, 1823)",-59.48053,5.17581
"Picumnus exilis (M.H.K.Lichtenstein, 1823)",-66.24206,5.67612
"Picumnus exilis (M.H.K.Lichtenstein, 1823)",-65.14206,7.30799
"Picumnus exilis (M.H.K.Lichtenstein, 1823)",-35.45998,-8.57805
"Picumnus exilis (M.H.K.Lichtenstein, 1823)",-35.28135,-8.49292
"Picumnus exilis (M.H.K.Lichtenstein, 1823)",-35.72222,-8.47237
"Picumnus exilis (M.H.K.Lichtenstein, 1823)",-34.9937,-8.31365
"Picumnus exilis (M.H.K.Lichtenstein, 1823)",-61.52502,4.54252
"Picumnus exilis (M.H.K.Lichtenstein, 1823)",-60.09513,-2.34216
"Picumnus exilis (M.H.K.Lichtenstein, 1823)",-61.59,4.475
"Picumnus exilis (M.H.K.Lichtenstein, 1823)",-61.39667,4.61667
"Picumnus exilis (M.H.K.Lichtenstein, 1823)",-61.61814,4.53508
"Picumnus exilis (M.H.K.Lichtenstein, 1823)",-59.99303,-3.06532
"Picumnus exilis (M.H.K.Lichtenstein, 1823)",-59.54019,4.03183
"Picumnus exilis (M.H.K.Lichtenstein, 1823)",-63.98161,4.49671
"Picumnus exilis (M.H.K.Lichtenstein, 1823)",-35.82304,-9.24263
"Picumnus exilis (M.H.K.Lichtenstein, 1823)",-35.84463,-8.7185
"Picumnus exilis (M.H.K.Lichtenstein, 1823)",-35.17709,-8.72726
"Picumnus exilis (M.H.K.Lichtenstein, 1823)",-37.87769,-11.59523
"Picumnus exilis (M.H.K.Lichtenstein, 1823)",-39.03892,-14.33304
"Picumnus exilis (M.H.K.Lichtenstein, 1823)",-39.17418,-14.2532
"Picumnus exilis (M.H.K.Lichtenstein, 1823)",-39.17505,-16.37981
"Picumnus exilis (M.H.K.Lichtenstein, 1823)",-48.76162,-3.83034
"Picumnus exilis (M.H.K.Lichtenstein, 1823)",-61.11058,5.02052
"Picumnus exilis (M.H.K.Lichtenstein, 1823)",-61.60275,4.39919
"Picumnus exilis (M.H.K.Lichtenstein, 1823)",-59.06155,4.15461
"Picumnus exilis (M.H.K.Lichtenstein, 1823)",-59.30964,3.75254
"Picumnus exilis (M.H.K.Lichtenstein, 1823)",-59.06751,4.13306
"Picumnus exilis (M.H.K.Lichtenstein, 1823)",-58.75763,4.31902
"Picumnus exilis (M.H.K.Lichtenstein, 1823)",-61.58833,4.47135
"Picumnus exilis (M.H.K.Lichtenstein, 1823)",-61.41923,6.18188
"Picumnus exilis (M.H.K.Lichtenstein, 1823)",-66.11832,5.61103
"Picumnus exilis pernambucensis J.T.Zimmer, 1947",-34.9274,-7.2242
"Picumnus exilis (M.H.K.Lichtenstein, 1823)",-61.8423,7.95729
"Picumnus exilis (M.H.K.Lichtenstein, 1823)",-35.92178,-9.24102
"Picumnus exilis (M.H.K.Lichtenstein, 1823)",-58.7984,3.8858
"Picumnus exilis (M.H.K.Lichtenstein, 1823)",-61.39546,6.02704
"Picumnus exilis (M.H.K.Lichtenstein, 1823)",-39.18158,-16.38808
"Picumnus exilis (M.H.K.Lichtenstein, 1823)",-61.60084,4.48365
"Picumnus exilis (M.H.K.Lichtenstein, 1823)",-61.7983,-0.57738
"Picumnus exilis (M.H.K.Lichtenstein, 1823)",-59.77021,-2.44891
"Picumnus exilis (M.H.K.Lichtenstein, 1823)",-66.51309,1.58221
Picumnus exilis exilis,-39.1381,-16.3592
Picumnus exilis exilis,-39.376,-15.9852
"Picumnus exilis (M.H.K.Lichtenstein, 1823)",-61.88448,-1.34905
"Picumnus exilis (M.H.K.Lichtenstein, 1823)",-61.82276,-0.54091
"Picumnus exilis (M.H.K.Lichtenstein, 1823)",-61.87903,-1.37557
"Picumnus exilis (M.H.K.Lichtenstein, 1823)",-59.78305,3.6175
"Picumnus exilis (M.H.K.Lichtenstein, 1823)",-59.79889,3.36639
"Picumnus exilis (M.H.K.Lichtenstein, 1823)",-67.82137,4.67947
"Picumnus exilis (M.H.K.Lichtenstein, 1823)",-59.81971,3.46724
"Picumnus exilis (M.H.K.Lichtenstein, 1823)",-35.83976,-8.72358
"Picumnus exilis (M.H.K.Lichtenstein, 1823)",-61.42074,6.17977
"Picumnus exilis (M.H.K.Lichtenstein, 1823)",-67.61485,5.50408
"Picumnus exilis (M.H.K.Lichtenstein, 1823)",-67.61467,5.50374
"Picumnus exilis (M.H.K.Lichtenstein, 1823)",-67.61145,5.50291
"Picumnus exilis (M.H.K.Lichtenstein, 1823)",-67.61546,5.50422
"Picumnus exilis (M.H.K.Lichtenstein, 1823)",-53.20909,3.63376
"Picumnus exilis (M.H.K.Lichtenstein, 1823)",-53.77619,2.37986
"Picumnus exilis (M.H.K.Lichtenstein, 1823)",-53.21477,2.34632
"Picumnus exilis (M.H.K.Lichtenstein, 1823)",-53.43138,3.73168
"Picumnus exilis (M.H.K.Lichtenstein, 1823)",-59.06662,4.16803
"Picumnus exilis (M.H.K.Lichtenstein, 1823)",-66.83224,4.07113
"Picumnus exilis (M.H.K.Lichtenstein, 1823)",-41.45485,-12.47472
"Picumnus exilis buffonii Lafresnaye, 1845",-56.16667,4.68333
"Picumnus exilis (M.H.K.Lichtenstein, 1823)",-67.5468,2.7229
"Picumnus exilis (M.H.K.Lichtenstein, 1823)",-56.18114,4.67793
"Picumnus exilis (M.H.K.Lichtenstein, 1823)",-47.8187,-3.3448
"Picumnus exilis (M.H.K.Lichtenstein, 1823)",-35.118,-8.758
"Picumnus exilis (M.H.K.Lichtenstein, 1823)",-61.73463,8.23317
"Picumnus exilis (M.H.K.Lichtenstein, 1823)",-61.59144,4.47424
"Picumnus exilis (M.H.K.Lichtenstein, 1823)",-61.3546,4.60835
"Picumnus exilis (M.H.K.Lichtenstein, 1823)",-35.1738,-8.73265
"Picumnus exilis (M.H.K.Lichtenstein, 1823)",-35.84094,-8.72108
"Picumnus exilis (M.H.K.Lichtenstein, 1823)",-35.839,-9.23942
"Picumnus exilis (M.H.K.Lichtenstein, 1823)",-35.83689,-9.24822
"Picumnus exilis (M.H.K.Lichtenstein, 1823)",-39.7288,-14.1266
"Picumnus exilis (M.H.K.Lichtenstein, 1823)",-60.09341,-2.05051
Picumnus exilis exilis,-39.1395,-16.3459
"Picumnus exilis (M.H.K.Lichtenstein, 1823)",-53.01296,5.23079
"Picumnus exilis (M.H.K.Lichtenstein, 1823)",-37.45548,-11.31949
"Picumnus exilis (M.H.K.Lichtenstein, 1823)",-59.73418,3.66182
"Picumnus exilis (M.H.K.Lichtenstein, 1823)",-48.26531,-1.38524
"Picumnus exilis (M.H.K.Lichtenstein, 1823)",-61.31907,4.6023
"Picumnus exilis (M.H.K.Lichtenstein, 1823)",-67.02915,1.92244
"Picumnus exilis (M.H.K.Lichtenstein, 1823)",-62.84351,6.2409
"Picumnus exilis (M.H.K.Lichtenstein, 1823)",-35.81744,-8.73273
"Picumnus exilis (M.H.K.Lichtenstein, 1823)",-53.20816,3.6229
"Picumnus exilis (M.H.K.Lichtenstein, 1823)",-61.46942,6.15005
"Picumnus exilis (M.H.K.Lichtenstein, 1823)",-53.03727,5.42846
"Picumnus exilis (M.H.K.Lichtenstein, 1823)",-61.27761,6.92291
"Picumnus exilis buffonii Lafresnaye, 1845",-56.51997,3.75031
"Picumnus exilis (M.H.K.Lichtenstein, 1823)",-60.08875,-2.3271
"Picumnus exilis buffonii Lafresnaye, 1845",-59.997,-2.028
"Picumnus exilis (M.H.K.Lichtenstein, 1823)",-61.55728,4.47836
"Picumnus exilis (M.H.K.Lichtenstein, 1823)",-61.3417,4.5917
"Picumnus exilis (M.H.K.Lichtenstein, 1823)",-61.50186,4.55343
"Picumnus exilis (M.H.K.Lichtenstein, 1823)",-61.4289,6.14424
"Picumnus exilis (M.H.K.Lichtenstein, 1823)",-59.87128,-2.4044
"Picumnus exilis (M.H.K.Lichtenstein, 1823)",-59.8657,-2.40389
"Picumnus exilis (M.H.K.Lichtenstein, 1823)",-46.81866,-3.10437
"Picumnus exilis (M.H.K.Lichtenstein, 1823)",-52.68152,4.12748
"Picumnus exilis (M.H.K.Lichtenstein, 1823)",-61.55651,4.50556
"Picumnus exilis (M.H.K.Lichtenstein, 1823)",-61.62782,4.56078
"Picumnus exilis (M.H.K.Lichtenstein, 1823)",-55.16,5.53
"Picumnus exilis (M.H.K.Lichtenstein, 1823)",-55.18793,5.0116
"Picumnus exilis (M.H.K.Lichtenstein, 1823)",-52.50957,4.80865
"Picumnus exilis (M.H.K.Lichtenstein, 1823)",-60.0604,-1.988
"Picumnus exilis (M.H.K.Lichtenstein, 1823)",-61.39385,5.99614
"Picumnus exilis (M.H.K.Lichtenstein, 1823)",-61.67161,8.08536
"Picumnus exilis (M.H.K.Lichtenstein, 1823)",-60.00814,-3.10976
"Picumnus exilis (M.H.K.Lichtenstein, 1823)",-59.96808,-2.3734
"Picumnus exilis (M.H.K.Lichtenstein, 1823)",-60.10195,-2.33856
"Picumnus exilis (M.H.K.Lichtenstein, 1823)",-60.1128,-2.33687
"Picumnus exilis (M.H.K.Lichtenstein, 1823)",-60.10856,-2.33734
"Picumnus exilis (M.H.K.Lichtenstein, 1823)",-59.88337,-2.39042
"Picumnus exilis (M.H.K.Lichtenstein, 1823)",-61.74164,4.33179
"Picumnus exilis (M.H.K.Lichtenstein, 1823)",-61.05943,4.71224
"Picumnus exilis (M.H.K.Lichtenstein, 1823)",-61.76782,4.36271
"Picumnus exilis (M.H.K.Lichtenstein, 1823)",-60.00501,-3.08126
"Picumnus exilis pernambucensis J.T.Zimmer, 1947",-35.5001,-7.6167
"Picumnus exilis (M.H.K.Lichtenstein, 1823)",-53.41397,4.59457
"Picumnus exilis (M.H.K.Lichtenstein, 1823)",-61.47896,6.07075
"Picumnus exilis (M.H.K.Lichtenstein, 1823)",-61.50485,5.95598
"Picumnus exilis (M.H.K.Lichtenstein, 1823)",-61.40186,5.97088
"Picumnus exilis (M.H.K.Lichtenstein, 1823)",-61.4967,6.08656
"Picumnus exilis (M.H.K.Lichtenstein, 1823)",-66.38755,4.9568
"Picumnus exilis (M.H.K.Lichtenstein, 1823)",-68.01258,4.02318
"Picumnus exilis (M.H.K.Lichtenstein, 1823)",-68.02271,3.67001
"Picumnus exilis (M.H.K.Lichtenstein, 1823)",-62.0041,7.12083
"Picumnus exilis (M.H.K.Lichtenstein, 1823)",-35.37611,-8.21417
"Picumnus exilis (M.H.K.Lichtenstein, 1823)",-61.56123,4.47577
"Picumnus exilis (M.H.K.Lichtenstein, 1823)",-61.39709,6.09004
"Picumnus exilis (M.H.K.Lichtenstein, 1823)",-61.44026,7.0239
"Picumnus exilis (M.H.K.Lichtenstein, 1823)",-39.0922,-15.2641
"Picumnus exilis (M.H.K.Lichtenstein, 1823)",-59.77028,-2.44917
"Picumnus exilis (M.H.K.Lichtenstein, 1823)",-61.62993,4.55589
"Picumnus exilis (M.H.K.Lichtenstein, 1823)",-59.79572,-2.42801
"Picumnus exilis (M.H.K.Lichtenstein, 1823)",-60.8876,5.14908
"Picumnus exilis (M.H.K.Lichtenstein, 1823)",-59.83459,8.12614
"Picumnus exilis (M.H.K.Lichtenstein, 1823)",-61.06708,4.52665
"Picumnus exilis (M.H.K.Lichtenstein, 1823)",-53.28318,3.59027
"Picumnus exilis (M.H.K.Lichtenstein, 1823)",-59.94333,-2.38363
"Picumnus exilis (M.H.K.Lichtenstein, 1823)",-35.834,-8.6778
"Picumnus exilis (M.H.K.Lichtenstein, 1823)",-35.858,-9.227
"Picumnus exilis (M.H.K.Lichtenstein, 1823)",-35.79,-8.724
"Picumnus exilis (M.H.K.Lichtenstein, 1823)",-35.182,-8.724
"Picumnus exilis (M.H.K.Lichtenstein, 1823)",-61.14217,5.00911
"Picumnus exilis (M.H.K.Lichtenstein, 1823)",-61.96084,7.15
"Picumnus exilis (M.H.K.Lichtenstein, 1823)",-39.1724,-13.9567
"Picumnus exilis (M.H.K.Lichtenstein, 1823)",-52.45087,4.96101
"Picumnus exilis (M.H.K.Lichtenstein, 1823)",-53.26107,3.69234
"Picumnus exilis (M.H.K.Lichtenstein, 1823)",-61.4164,4.60175
"Picumnus exilis (M.H.K.Lichtenstein, 1823)",-35.84224,-9.25258
"Picumnus exilis (M.H.K.Lichtenstein, 1823)",-36.08984,-8.96964
"Picumnus exilis (M.H.K.Lichtenstein, 1823)",-36.1198,-9.11521
"Picumnus exilis (M.H.K.Lichtenstein, 1823)",-64.86114,7.25137
"Picumnus exilis (M.H.K.Lichtenstein, 1823)",-61.38062,6.12963
"Picumnus exilis (M.H.K.Lichtenstein, 1823)",-61.44625,5.89751
"Picumnus exilis (M.H.K.Lichtenstein, 1823)",-39.05327,-15.82377
"Picumnus exilis (M.H.K.Lichtenstein, 1823)",-39.32106,-15.95841
"Picumnus exilis (M.H.K.Lichtenstein, 1823)",-61.4699,6.15006
"Picumnus exilis (M.H.K.Lichtenstein, 1823)",-61.83776,8.01067
"Picumnus exilis (M.H.K.Lichtenstein, 1823)",-61.09454,4.62415
"Picumnus exilis (M.H.K.Lichtenstein, 1823)",-61.4562,4.55841
"Picumnus exilis (M.H.K.Lichtenstein, 1823)",-61.41766,5.81499
"Picumnus exilis (M.H.K.Lichtenstein, 1823)",-61.62626,6.72094
"Picumnus exilis (M.H.K.Lichtenstein, 1823)",-61.6905,8.11055
"Picumnus exilis (M.H.K.Lichtenstein, 1823)",-55.19682,5.45877
"Picumnus exilis (M.H.K.Lichtenstein, 1823)",-60.10275,-2.33782
"Picumnus exilis (M.H.K.Lichtenstein, 1823)",-59.97032,-2.37036
"Picumnus exilis (M.H.K.Lichtenstein, 1823)",-39.37747,-14.68048
"Picumnus exilis (M.H.K.Lichtenstein, 1823)",-35.13954,-8.57849
"Picumnus exilis (M.H.K.Lichtenstein, 1823)",-35.1311,-8.5651
"Picumnus exilis (M.H.K.Lichtenstein, 1823)",-59.86591,-2.40355
"Picumnus exilis (M.H.K.Lichtenstein, 1823)",-59.86613,-2.40373
"Picumnus exilis (M.H.K.Lichtenstein, 1823)",-59.96804,-2.37322
"Picumnus exilis (M.H.K.Lichtenstein, 1823)",-52.03609,4.49059
"Picumnus exilis (M.H.K.Lichtenstein, 1823)",-61.69012,3.38242
"Picumnus exilis (M.H.K.Lichtenstein, 1823)",-55.22,5.5
"Picumnus exilis (M.H.K.Lichtenstein, 1823)",-55.2,5.45
"Picumnus exilis (M.H.K.Lichtenstein, 1823)",-65.8459,3.1419
"Picumnus exilis (M.H.K.Lichtenstein, 1823)",-39.18008,-13.9261
"Picumnus exilis (M.H.K.Lichtenstein, 1823)",-59.30995,3.75284
"Picumnus exilis (M.H.K.Lichtenstein, 1823)",-59.8658,-2.40374
"Picumnus exilis (M.H.K.Lichtenstein, 1823)",-55.16,5.557
"Picumnus exilis pernambucensis J.T.Zimmer, 1947",-35.8789,-9.2107
"Picumnus exilis (M.H.K.Lichtenstein, 1823)",-53.21884,3.58007
"Picumnus exilis (M.H.K.Lichtenstein, 1823)",-53.01412,5.38784
"Picumnus exilis (M.H.K.Lichtenstein, 1823)",-55.20639,5.49778
"Picumnus exilis (M.H.K.Lichtenstein, 1823)",-61.40196,5.97181
"Picumnus exilis (M.H.K.Lichtenstein, 1823)",-55.19861,5.49389
"Picumnus exilis (M.H.K.Lichtenstein, 1823)",-61.47045,6.14951
"Picumnus exilis (M.H.K.Lichtenstein, 1823)",-56.85556,4.4675
"Picumnus exilis (M.H.K.Lichtenstein, 1823)",-55.16,5.49
"Picumnus exilis (M.H.K.Lichtenstein, 1823)",-61.65967,8.05117
"Picumnus exilis (M.H.K.Lichtenstein, 1823)",-61.43211,6.02697
"Picumnus exilis (M.H.K.Lichtenstein, 1823)",-61.48854,8.50106
"Picumnus exilis (M.H.K.Lichtenstein, 1823)",-52.3126,4.9472
"Picumnus exilis (M.H.K.Lichtenstein, 1823)",-61.61551,8.55763
"Picumnus exilis (M.H.K.Lichtenstein, 1823)",-61.60644,8.57847
"Picumnus exilis (M.H.K.Lichtenstein, 1823)",-61.21857,8.6299
"Picumnus exilis (M.H.K.Lichtenstein, 1823)",-56.8619,5.9619
"Picumnus exilis (M.H.K.Lichtenstein, 1823)",-61.18282,6.7211
"Picumnus exilis (M.H.K.Lichtenstein, 1823)",-58.14398,6.80593
"Picumnus exilis (M.H.K.Lichtenstein, 1823)",-38.74517,-12.60148
"Picumnus exilis (M.H.K.Lichtenstein, 1823)",-67.81982,4.73097
"Picumnus exilis (M.H.K.Lichtenstein, 1823)",-61.32482,6.3066
"Picumnus exilis (M.H.K.Lichtenstein, 1823)",-39.0619,-15.2623
"Picumnus exilis (M.H.K.Lichtenstein, 1823)",-61.05947,4.71252
"Picumnus exilis (M.H.K.Lichtenstein, 1823)",-61.42487,4.60199
"Picumnus exilis (M.H.K.Lichtenstein, 1823)",-61.29383,4.59947
"Picumnus exilis (M.H.K.Lichtenstein, 1823)",-55.22,5.48
"Picumnus exilis (M.H.K.Lichtenstein, 1823)",-61.38741,4.61267
"Picumnus exilis (M.H.K.Lichtenstein, 1823)",-61.39722,6.00489
"Picumnus exilis (M.H.K.Lichtenstein, 1823)",-61.39934,6.08703
"Picumnus exilis (M.H.K.Lichtenstein, 1823)",-37.29861,-10.80556
"Picumnus exilis (M.H.K.Lichtenstein, 1823)",-62.93,-0.42
"Picumnus exilis (M.H.K.Lichtenstein, 1823)",-52.45819,4.9874
"Picumnus exilis (M.H.K.Lichtenstein, 1823)",-53.11744,3.76701
"Picumnus exilis (M.H.K.Lichtenstein, 1823)",-61.61756,4.52907
"Picumnus exilis (M.H.K.Lichtenstein, 1823)",-37.41667,-11.41667
"Picumnus exilis (M.H.K.Lichtenstein, 1823)",-39.3,-15.2
"Picumnus exilis (M.H.K.Lichtenstein, 1823)",-61.7206,7.94943
"Picumnus exilis pernambucensis J.T.Zimmer, 1947",-35.9427,-9.181
"Picumnus exilis (M.H.K.Lichtenstein, 1823)",-56.18285,4.7075
"Picumnus exilis (M.H.K.Lichtenstein, 1823)",-35.47389,-8.75306
"Picumnus exilis (M.H.K.Lichtenstein, 1823)",-35.88639,-8.88028
"Picumnus exilis (M.H.K.Lichtenstein, 1823)",-61.67083,8.08639
"Picumnus exilis pernambucensis J.T.Zimmer, 1947",-35.9334,-9.3001
"Picumnus exilis (M.H.K.Lichtenstein, 1823)",-40.01833,-14.00361
"Picumnus exilis (M.H.K.Lichtenstein, 1823)",-52.91398,5.40169
"Picumnus exilis (M.H.K.Lichtenstein, 1823)",-39.01344,-13.15543
"Picumnus exilis (M.H.K.Lichtenstein, 1823)",-56.20463,4.72478
"Picumnus exilis (M.H.K.Lichtenstein, 1823)",-55.37687,3.45516
"Picumnus exilis (M.H.K.Lichtenstein, 1823)",-34.88314,-8.05056
"Picumnus exilis (M.H.K.Lichtenstein, 1823)",-37.04727,-10.92569
"Picumnus exilis (M.H.K.Lichtenstein, 1823)",-35.95156,-9.30527
"Picumnus exilis (M.H.K.Lichtenstein, 1823)",-61.12793,4.93772
"Picumnus exilis (M.H.K.Lichtenstein, 1823)",-60.00854,-3.1242
"Picumnus exilis (M.H.K.Lichtenstein, 1823)",-62.21667,7.96667
"Picumnus exilis (M.H.K.Lichtenstein, 1823)",-62.217,7.967
"Picumnus exilis pernambucensis J.T.Zimmer, 1947",-35.8771,-9.2114
"Picumnus exilis undulatus Hargitt, 1889",-67.067,3.96
"Picumnus exilis (M.H.K.Lichtenstein, 1823)",-59.51157,2.87446
"Picumnus exilis (M.H.K.Lichtenstein, 1823)",-52.73528,4.0705
"Picumnus exilis (M.H.K.Lichtenstein, 1823)",-52.19369,4.56617
"Picumnus exilis (M.H.K.Lichtenstein, 1823)",-64.82296,6.57346
"Picumnus exilis (M.H.K.Lichtenstein, 1823)",-61.96117,7.95044
"Picumnus exilis (M.H.K.Lichtenstein, 1823)",-59.12374,3.96076
"Picumnus exilis (M.H.K.Lichtenstein, 1823)",-59.75,8.4
"Picumnus exilis (M.H.K.Lichtenstein, 1823)",-59.4,8.4
"Picumnus exilis (M.H.K.Lichtenstein, 1823)",-59.73,8.25
"Picumnus exilis (M.H.K.Lichtenstein, 1823)",-59.75749,8.40016
"Picumnus exilis (M.H.K.Lichtenstein, 1823)",-59.75,8.25
"Picumnus exilis (M.H.K.Lichtenstein, 1823)",-61.09713,5.05794
"Picumnus exilis (M.H.K.Lichtenstein, 1823)",-61.85637,8.03335
"Picumnus exilis (M.H.K.Lichtenstein, 1823)",-61.42164,6.18006
BOLD:AAW4959,-59.733,8.25
"Picumnus exilis (M.H.K.Lichtenstein, 1823)",-61.4,5.96667
"Picumnus exilis (M.H.K.Lichtenstein, 1823)",-61.4,6.2
Picumnus exilis exilis,-40.1001,-14.3834
"Picumnus exilis (M.H.K.Lichtenstein, 1823)",-61.4,5.967
"Picumnus exilis (M.H.K.Lichtenstein, 1823)",-52.63553,5.14692
"Picumnus exilis (M.H.K.Lichtenstein, 1823)",-52.24812,4.87175
"Picumnus exilis pernambucensis J.T.Zimmer, 1947",-35.8457,-9.2594
"Picumnus exilis (M.H.K.Lichtenstein, 1823)",-36.44964,-9.26106
"Picumnus exilis (M.H.K.Lichtenstein, 1823)",-60.73,5.52
BOLD:AAW4959,-60.733,5.517
"Picumnus exilis (M.H.K.Lichtenstein, 1823)",-61.3493,6.23756
"Picumnus exilis (M.H.K.Lichtenstein, 1823)",-66.31188,5.15358
"Picumnus exilis (M.H.K.Lichtenstein, 1823)",-39.91063,-14.34215
"Picumnus exilis (M.H.K.Lichtenstein, 1823)",-39.2943,-14.133
"Picumnus exilis (M.H.K.Lichtenstein, 1823)",-61.41006,6.02026
"Picumnus exilis (M.H.K.Lichtenstein, 1823)",-61.3801,5.96857
"Picumnus exilis (M.H.K.Lichtenstein, 1823)",-39.53361,-15.17006
"Picumnus exilis (M.H.K.Lichtenstein, 1823)",-61.82733,8.01879
"Picumnus exilis (M.H.K.Lichtenstein, 1823)",-61.0689,4.6997
"Picumnus exilis (M.H.K.Lichtenstein, 1823)",-58.812,3.192
"Picumnus exilis (M.H.K.Lichtenstein, 1823)",-52.26843,4.89194
"Picumnus exilis (M.H.K.Lichtenstein, 1823)",-53.07465,3.21157
"Picumnus exilis (M.H.K.Lichtenstein, 1823)",-39.05884,-15.19538
"Picumnus exilis (M.H.K.Lichtenstein, 1823)",-35.94129,-9.30579
"Picumnus exilis (M.H.K.Lichtenstein, 1823)",-58.77205,7.49104
"Picumnus exilis (M.H.K.Lichtenstein, 1823)",-58.69826,7.54886
"Picumnus exilis (M.H.K.Lichtenstein, 1823)",-39.85016,-13.98071
"Picumnus exilis (M.H.K.Lichtenstein, 1823)",-37.4487,-11.34019
"Picumnus exilis (M.H.K.Lichtenstein, 1823)",-62.85804,6.56222
"Picumnus exilis (M.H.K.Lichtenstein, 1823)",-61.407,5.768
"Picumnus exilis (M.H.K.Lichtenstein, 1823)",-61.415,5.968
"Picumnus exilis (M.H.K.Lichtenstein, 1823)",-61.36013,4.6098
"Picumnus exilis (M.H.K.Lichtenstein, 1823)",-66.36091,5.0029
"Picumnus exilis (M.H.K.Lichtenstein, 1823)",-67.61475,5.5073
"Picumnus exilis (M.H.K.Lichtenstein, 1823)",-66.85833,4.0807
"Picumnus exilis (M.H.K.Lichtenstein, 1823)",-67.61504,5.50751
"Picumnus exilis (M.H.K.Lichtenstein, 1823)",-66.94476,4.07193
"Picumnus exilis (M.H.K.Lichtenstein, 1823)",-39.17128,-15.14327
"Picumnus exilis (M.H.K.Lichtenstein, 1823)",-67.61453,5.50733
"Picumnus exilis (M.H.K.Lichtenstein, 1823)",-39.32919,-15.12224
"Picumnus exilis (M.H.K.Lichtenstein, 1823)",-39.0598,-15.16326
"Picumnus exilis (M.H.K.Lichtenstein, 1823)",-65.05144,7.31746
"Picumnus exilis (M.H.K.Lichtenstein, 1823)",-59.4873,5.1776
"Picumnus exilis (M.H.K.Lichtenstein, 1823)",-39.09104,-14.97401
"Picumnus exilis (M.H.K.Lichtenstein, 1823)",-58.933,1.383
"Picumnus exilis (M.H.K.Lichtenstein, 1823)",-58.645,1.649
"Picumnus exilis (M.H.K.Lichtenstein, 1823)",-60.03822,-2.61384
"Picumnus exilis (M.H.K.Lichtenstein, 1823)",-65.76476,3.74794
"Picumnus exilis (M.H.K.Lichtenstein, 1823)",-61.91122,8.03798
"Picumnus exilis (M.H.K.Lichtenstein, 1823)",-59.975,-2.04861
"Picumnus exilis (M.H.K.Lichtenstein, 1823)",-59.12748,7.78269
"Picumnus exilis (M.H.K.Lichtenstein, 1823)",-65.54288,3.17373
"Picumnus exilis (M.H.K.Lichtenstein, 1823)",-60.48333,7.36667
"Picumnus exilis buffoni Lafresnaye, 1845",-50.7,1.25
"Picumnus exilis (M.H.K.Lichtenstein, 1823)",-60.483,7.366
"Picumnus exilis (M.H.K.Lichtenstein, 1823)",-64.89209,7.48031
"Picumnus exilis (M.H.K.Lichtenstein, 1823)",-55.17334,5.01297
"Picumnus exilis (M.H.K.Lichtenstein, 1823)",-66.10495,6.50863
"Picumnus exilis (M.H.K.Lichtenstein, 1823)",-59.1082,3.91666
"Picumnus exilis (M.H.K.Lichtenstein, 1823)",-64.91666,7.33333
"Picumnus exilis (M.H.K.Lichtenstein, 1823)",-39.11682,-15.25769
"Picumnus exilis (M.H.K.Lichtenstein, 1823)",-36.59374,-9.31289
"Picumnus exilis (M.H.K.Lichtenstein, 1823)",-61.36585,6.35104
"Picumnus exilis (M.H.K.Lichtenstein, 1823)",-61.35574,6.34718
"Picumnus exilis (M.H.K.Lichtenstein, 1823)",-36.60885,-9.32109
"Picumnus exilis (M.H.K.Lichtenstein, 1823)",-35.92217,-9.25808
"Picumnus exilis (M.H.K.Lichtenstein, 1823)",-60.11006,-3.05162
"Picumnus exilis (M.H.K.Lichtenstein, 1823)",-52.34024,4.91596
"Picumnus exilis (M.H.K.Lichtenstein, 1823)",-61.40644,5.78682
"Picumnus exilis undulatus Hargitt, 1889",-60.76667,5.46667
"Picumnus exilis (M.H.K.Lichtenstein, 1823)",-60.766,5.466
"Picumnus exilis (M.H.K.Lichtenstein, 1823)",-61.43486,6.1865
"Picumnus exilis (M.H.K.Lichtenstein, 1823)",-67.63321,5.66566
"Picumnus exilis (M.H.K.Lichtenstein, 1823)",-61.7638,8.02167
"Picumnus exilis (M.H.K.Lichtenstein, 1823)",-61.75429,7.94685
"Picumnus exilis (M.H.K.Lichtenstein, 1823)",-61.69591,8.10995
"Picumnus exilis (M.H.K.Lichtenstein, 1823)",-62,8
"Picumnus exilis (M.H.K.Lichtenstein, 1823)",-62.84998,6.2334
"Picumnus exilis undulatus Hargitt, 1889",-60.83333,2.45
"Picumnus exilis (M.H.K.Lichtenstein, 1823)",-61.73267,6.82124
"Picumnus exilis (M.H.K.Lichtenstein, 1823)",-61.4609,5.83974
"Picumnus exilis (M.H.K.Lichtenstein, 1823)",-61.89806,8.01743
"Picumnus exilis (M.H.K.Lichtenstein, 1823)",-61.46309,5.86308
"Picumnus exilis (M.H.K.Lichtenstein, 1823)",-61.48354,5.6318
"Picumnus exilis (M.H.K.Lichtenstein, 1823)",-67.79517,5.21831
"Picumnus exilis (M.H.K.Lichtenstein, 1823)",-61.33508,6.25349
"Picumnus exilis (M.H.K.Lichtenstein, 1823)",-61.39456,5.96556
"Picumnus exilis (M.H.K.Lichtenstein, 1823)",-58.59897,7.39568
"Picumnus exilis (M.H.K.Lichtenstein, 1823)",-59.30088,-2.72937
"Picumnus exilis (M.H.K.Lichtenstein, 1823)",-35.11814,-8.65808
"Picumnus exilis (M.H.K.Lichtenstein, 1823)",-62.64679,8.15168
"Picumnus exilis (M.H.K.Lichtenstein, 1823)",-61.8236,7.3525
"Picumnus exilis (M.H.K.Lichtenstein, 1823)",-61.43413,3.36084
"Picumnus exilis (M.H.K.Lichtenstein, 1823)",-62.55272,8.25974
"Picumnus exilis (M.H.K.Lichtenstein, 1823)",-36.47139,-9.31944
"Picumnus exilis (M.H.K.Lichtenstein, 1823)",-59.87149,-2.40582
"Picumnus exilis (M.H.K.Lichtenstein, 1823)",-59.84111,-2.40933
"Picumnus exilis (M.H.K.Lichtenstein, 1823)",-60.11382,-2.58563
"Picumnus exilis (M.H.K.Lichtenstein, 1823)",-66.17,0.92
"Picumnus exilis undulatus Hargitt, 1889",-66.17,0.85
"Picumnus exilis (M.H.K.Lichtenstein, 1823)",-61.36,6.08
"Picumnus exilis (M.H.K.Lichtenstein, 1823)",-61.59989,3.40296
"Picumnus exilis buffoni Lafresnaye, 1845",-55.3583,5.6917
"Picumnus exilis (M.H.K.Lichtenstein, 1823)",-61.13068,4.54083
"Picumnus exilis (M.H.K.Lichtenstein, 1823)",-67.90813,3.85866
"Picumnus exilis (M.H.K.Lichtenstein, 1823)",-54.99533,4.98963
"Picumnus exilis (M.H.K.Lichtenstein, 1823)",-48.42337,-1.42908
"Picumnus exilis buffonii Lafresnaye, 1845",-51.8024,3.8886
"Picumnus exilis buffonii Lafresnaye, 1845",-52.87369,2.25316
"Picumnus exilis buffoni Lafresnaye, 1845",-55.1917,5.4417
"Picumnus exilis buffoni Lafresnaye, 1845",-55.0583,5.325
"Picumnus exilis buffoni Lafresnaye, 1845",-56.0416,2.1083
"Picumnus exilis clarus J.T.Zimmer & Phelps, 1946",-61.88,7.97
"Picumnus exilis buffoni Lafresnaye, 1845",-55.075,4.825
"Picumnus exilis buffoni Lafresnaye, 1845",-55.3917,3.3417
"Picumnus exilis undulatus Hargitt, 1889",-60.72,2.85
"Picumnus exilis buffoni Lafresnaye, 1845",-52.05,0.98
"Picumnus exilis buffonii Lafresnaye, 1845",-53.48454,3.96598
"Picumnus exilis buffoni Lafresnaye, 1845",-54.775,5.775
"Picumnus exilis buffonii Lafresnaye, 1845",-54.03385,3.64432
"Picumnus exilis buffonii Lafresnaye, 1845",-56.126,2.026
"Picumnus exilis buffoni Lafresnaye, 1845",-47.48,-5.53
"Picumnus exilis buffoni Lafresnaye, 1845",-55.2083,5.5083
"Picumnus exilis buffoni Lafresnaye, 1845",-55.375,5.4083
"Picumnus exilis pernambucensis J.T.Zimmer, 1947",-36.13,-9.92
"Picumnus exilis pernambucensis J.T.Zimmer, 1947",-36.48,-9.33
"Picumnus exilis undulatus Hargitt, 1889",-59.8167,8.1333
"Picumnus exilis buffonii Lafresnaye, 1845",-55.2,5.5
"Picumnus exilis undulatus Hargitt, 1889",-63.01667,5.05
"Picumnus exilis undulatus Hargitt, 1889",-62.91667,6.91667
"Picumnus exilis clarus J.T.Zimmer & Phelps, 1946",-63.33333,6.83333
"Picumnus exilis undulatus Hargitt, 1889",-65.55,3.16667
"Picumnus exilis undulatus Hargitt, 1889",-62.25,8.61667
"Picumnus exilis buffoni Lafresnaye, 1845",-55.16234,5.829
"Picumnus exilis buffonii Lafresnaye, 1845",-52.3333,4.9333
"Picumnus exilis buffonii Lafresnaye, 1845",-53.7833,5.6667
"Picumnus exilis buffoni Lafresnaye, 1845",-60.75,2.25
"Picumnus exilis buffoni Lafresnaye, 1845",-52.33333,4.93333
"Picumnus exilis undulatus Hargitt, 1889",-60.6093,5.86864
Picumnus exilis exilis,-52.31964,4.92088
"Picumnus exilis (M.H.K.Lichtenstein, 1823)",-35.83,-9.25
"Picumnus exilis (M.H.K.Lichtenstein, 1823)",-36.08,-9.78
"Picumnus exilis (M.H.K.Lichtenstein, 1823)",-39.08,-13.37
"Picumnus exilis (M.H.K.Lichtenstein, 1823)",-39.12,-13.95
"Picumnus exilis (M.H.K.Lichtenstein, 1823)",-45.35,-1.68
"Picumnus exilis (M.H.K.Lichtenstein, 1823)",-55.52,-1.9
"Picumnus exilis (M.H.K.Lichtenstein, 1823)",-52.5,-0.67
"Picumnus exilis buffonii Lafresnaye, 1845",-52.2599,4.8752
Picumnus exilis exilis,-55,-10
"Picumnus exilis buffoni Lafresnaye, 1845",-60,4
"Picumnus exilis buffoni Lafresnaye, 1845",-52.2583,4.8417
"Picumnus exilis buffoni Lafresnaye, 1845",-55.175,5.8417
Picumnus exilis undulatus,-60.6093,5.86864
Picumnus exilis,-77.1666,-6.06409
Picumnus exilis buffonii,-55.2,5.5
Picumnus exilis exilis,-52.31964,4.92088
Picumnus exilis,-66.17,0.92
Picumnus exilis undulatus,-66.17,0.85
Picumnus exilis undulatus,-59.08333,4.16667
Picumnus exilis,-59.975,-2.04861
Picumnus exilis,-61.36,6.08
Picumnus exilis buffoni,-50.7,1.25
Picumnus exilis,-60.48333,7.36667
Picumnus exilis,-59.75,8.4
Picumnus exilis undulatus,-60.72,2.85
Picumnus exilis pernambucensis,-36.48,-9.33
Picumnus exilis buffoni,-47.48,-5.53
Picumnus exilis pernambucensis,-36.13,-9.92
Picumnus exilis buffoni,-52.05,0.98
Picumnus exilis,-59.73,8.25
Picumnus exilis,-58.95,1.42
Picumnus exilis,-60.73,5.52
Picumnus exilis buffonii,-52.3333,-4.9333
Picumnus exilis undulatus,-59.8167,8.1333
Picumnus exilis buffonii,-53.7833,-5.6667
Picumnus exilis,-62.93,-0.42
Picumnus exilis undulatus,-60.76667,5.46667
Picumnus exilis,-59.4,8.4
Picumnus exilis,-59.97255,5.37627
Picumnus exilis buffonii,-56.126,2.026
Picumnus exilis buffonii,-56.51997,3.75031
"Picumnus exilis buffoni Lafresnaye, 1845",-55,-10
"Picumnus exilis buffoni Lafresnaye, 1846",-50.7,1.25
"Picumnus exilis buffoni Lafresnaye, 1847",-54.06666667,-1.983333333
"Picumnus exilis buffoni Lafresnaye, 1848",-56.21666667,-1.75
"Picumnus exilis buffoni Lafresnaye, 1849",-47.45,-4.266666667
"Picumnus exilis buffoni Lafresnaye, 1850",-39.03333333,-14.78333333
"Picumnus exilis buffoni Lafresnaye, 1851",-38.4,-12.43333333
"Picumnus exilis buffoni Lafresnaye, 1852",-39.23333333,-13.83333333
"Picumnus exilis buffoni Lafresnaye, 1853",-39.23333333,-13.83333333
"Picumnus exilis buffoni Lafresnaye, 1854",-36.1,-8.966666667
"Picumnus exilis buffoni Lafresnaye, 1855",-35.86666667,-9.016666667
"Picumnus exilis buffoni Lafresnaye, 1856",-36,-9.766666667
"Picumnus exilis buffoni Lafresnaye, 1857",-35.165,-8.555
"Picumnus exilis buffoni Lafresnaye, 1858",-61.23333333,1.45
"Picumnus exilis buffoni Lafresnaye, 1859",-61.2,2.666666667
"Picumnus exilis buffoni Lafresnaye, 1860",-62.93333333,-0.416666667
"Picumnus exilis buffoni Lafresnaye, 1861",-62.11666667,-1.066666667
